STATE_CODE,SHRP_ID,CONSTRUCTION_NO,GPS_SPS,EXPERIMENT_NO,VISIT_DATE,IRI_LEFT_WHEEL_PATH,IRI_RIGHT_WHEEL_PATH,PAVEMENT_FAMILY,HPMS16_CRACKING_PERCENT_AC,MEPDG_CRACKING_PERCENT_AC,MEPDG_TRANS_CRACK_LENGTH_AC,MEPDG_LONG_CRACK_LENGTH_AC,PATCH_A,POTHOLES_A,BLEEDING,RAVELING,MAX_MEAN_DEPTH_WIRE_REF,LLH_DEPTH_WIRE_REF_MEAN,RLH_DEPTH_WIRE_REF_MEAN,BOUND_THICKNESS_CM,YEAR,AADTT_LTPPLN,KESAL_YEAR,VWS_ID,FREEZE_INDEX_YR,MEAN_ANN_TEMP_AVG,TOTAL_ANN_PRECIP,CONSTRUCTION_DATE,STATE_ABBR
9,1803,1,G,1,1994-07-27,1.569,1.504,ACUB,6.0,0.0,606.0,845.0,0.0,0.0,0.0,0.0,4,3,4,7.2,1994,,30.0,091803,351,10.0,1167.0,1985-07-01,CT
9,1803,1,G,1,1994-01-19,1.714,1.747,ACUB,11.0,3.0,828.0,1091.0,0.0,0.0,0.0,0.0,4,3,4,7.2,1994,,30.0,091803,351,10.0,1167.0,1985-07-01,CT
9,1803,1,G,1,1994-01-19,1.702,1.715,ACUB,11.0,3.0,828.0,1091.0,0.0,0.0,0.0,0.0,4,3,4,7.2,1994,,30.0,091803,351,10.0,1167.0,1985-07-01,CT
9,1803,1,G,1,1994-01-19,1.695,1.759,ACUB,11.0,3.0,828.0,1091.0,0.0,0.0,0.0,0.0,4,3,4,7.2,1994,,30.0,091803,351,10.0,1167.0,1985-07-01,CT
9,1803,1,G,1,1994-02-22,1.749,1.888,ACUB,11.0,3.0,828.0,1091.0,0.0,0.0,0.0,0.0,4,3,4,7.2,1994,,30.0,091803,351,10.0,1167.0,1985-07-01,CT
9,1803,1,G,1,1994-02-22,1.821,1.802,ACUB,11.0,3.0,828.0,1091.0,0.0,0.0,0.0,0.0,4,3,4,7.2,1994,,30.0,091803,351,10.0,1167.0,1985-07-01,CT
9,1803,1,G,1,1994-02-22,1.837,1.863,ACUB,11.0,3.0,828.0,1091.0,0.0,0.0,0.0,0.0,4,3,4,7.2,1994,,30.0,091803,351,10.0,1167.0,1985-07-01,CT
9,1803,1,G,1,1994-04-20,1.563,1.601,ACUB,11.0,3.0,828.0,1091.0,0.0,0.0,0.0,0.0,4,3,4,7.2,1994,,30.0,091803,351,10.0,1167.0,1985-07-01,CT
9,1803,1,G,1,1994-04-20,1.571,1.615,ACUB,11.0,3.0,828.0,1091.0,0.0,0.0,0.0,0.0,4,3,4,7.2,1994,,30.0,091803,351,10.0,1167.0,1985-07-01,CT
9,1803,1,G,1,1994-04-20,1.516,1.68,ACUB,11.0,3.0,828.0,1091.0,0.0,0.0,0.0,0.0,4,3,4,7.2,1994,,30.0,091803,351,10.0,1167.0,1985-07-01,CT
9,1803,1,G,1,1994-04-20,1.549,1.641,ACUB,11.0,3.0,828.0,1091.0,0.0,0.0,0.0,0.0,4,3,4,7.2,1994,,30.0,091803,351,10.0,1167.0,1985-07-01,CT
9,1803,1,G,1,1994-04-20,1.574,1.619,ACUB,11.0,3.0,828.0,1091.0,0.0,0.0,0.0,0.0,4,3,4,7.2,1994,,30.0,091803,351,10.0,1167.0,1985-07-01,CT
9,1803,1,G,1,1995-01-09,1.654,1.492,ACUB,6.0,0.0,606.0,845.0,0.0,0.0,0.0,0.0,4,3,4,7.2,1995,190.0,73.0,091803,204,10.3,1091.4,1985-07-01,CT
9,1803,1,G,1,1995-01-09,1.654,1.492,ACUB,6.0,0.0,606.0,845.0,0.0,0.0,0.0,0.0,4,3,4,7.2,1995,190.0,73.0,091803,204,10.3,1091.4,1985-07-01,CT
9,1803,1,G,1,1995-01-09,1.654,1.492,ACUB,6.0,0.0,606.0,845.0,0.0,0.0,0.0,0.0,4,3,4,7.2,1995,190.0,73.0,091803,204,10.3,1091.4,1985-07-01,CT
9,1803,1,G,1,1995-01-09,1.619,1.504,ACUB,6.0,0.0,606.0,845.0,0.0,0.0,0.0,0.0,4,3,4,7.2,1995,190.0,73.0,091803,204,10.3,1091.4,1985-07-01,CT
9,1803,1,G,1,1995-01-09,1.619,1.504,ACUB,6.0,0.0,606.0,845.0,0.0,0.0,0.0,0.0,4,3,4,7.2,1995,190.0,73.0,091803,204,10.3,1091.4,1985-07-01,CT
9,1803,1,G,1,1995-01-09,1.619,1.504,ACUB,6.0,0.0,606.0,845.0,0.0,0.0,0.0,0.0,4,3,4,7.2,1995,190.0,73.0,091803,204,10.3,1091.4,1985-07-01,CT
9,1803,1,G,1,1995-01-09,1.621,1.51,ACUB,6.0,0.0,606.0,845.0,0.0,0.0,0.0,0.0,4,3,4,7.2,1995,190.0,73.0,091803,204,10.3,1091.4,1985-07-01,CT
9,1803,1,G,1,1995-01-09,1.621,1.51,ACUB,6.0,0.0,606.0,845.0,0.0,0.0,0.0,0.0,4,3,4,7.2,1995,190.0,73.0,091803,204,10.3,1091.4,1985-07-01,CT
9,1803,1,G,1,1995-01-09,1.621,1.51,ACUB,6.0,0.0,606.0,845.0,0.0,0.0,0.0,0.0,4,3,4,7.2,1995,190.0,73.0,091803,204,10.3,1091.4,1985-07-01,CT
9,1803,1,G,1,1994-07-27,1.623,1.541,ACUB,6.0,0.0,606.0,845.0,0.0,0.0,0.0,0.0,4,3,4,7.2,1994,,30.0,091803,351,10.0,1167.0,1985-07-01,CT
9,1803,1,G,1,1994-07-27,1.604,1.549,ACUB,6.0,0.0,606.0,845.0,0.0,0.0,0.0,0.0,4,3,4,7.2,1994,,30.0,091803,351,10.0,1167.0,1985-07-01,CT
9,1803,1,G,1,1994-07-27,1.575,1.535,ACUB,6.0,0.0,606.0,845.0,0.0,0.0,0.0,0.0,4,3,4,7.2,1994,,30.0,091803,351,10.0,1167.0,1985-07-01,CT
9,1803,1,G,1,1994-10-25,1.552,1.546,ACUB,6.0,0.0,606.0,845.0,0.0,0.0,0.0,0.0,4,3,4,7.2,1994,,30.0,091803,351,10.0,1167.0,1985-07-01,CT
9,1803,1,G,1,1994-10-25,1.578,1.587,ACUB,6.0,0.0,606.0,845.0,0.0,0.0,0.0,0.0,4,3,4,7.2,1994,,30.0,091803,351,10.0,1167.0,1985-07-01,CT
9,1803,1,G,1,1994-10-25,1.581,1.567,ACUB,6.0,0.0,606.0,845.0,0.0,0.0,0.0,0.0,4,3,4,7.2,1994,,30.0,091803,351,10.0,1167.0,1985-07-01,CT
9,1803,1,G,1,1994-10-25,1.583,1.559,ACUB,6.0,0.0,606.0,845.0,0.0,0.0,0.0,0.0,4,3,4,7.2,1994,,30.0,091803,351,10.0,1167.0,1985-07-01,CT
9,1803,1,G,1,1994-10-25,1.587,1.555,ACUB,6.0,0.0,606.0,845.0,0.0,0.0,0.0,0.0,4,3,4,7.2,1994,,30.0,091803,351,10.0,1167.0,1985-07-01,CT
9,1803,1,G,1,1995-01-09,1.623,1.526,ACUB,6.0,0.0,606.0,845.0,0.0,0.0,0.0,0.0,4,3,4,7.2,1995,190.0,73.0,091803,204,10.3,1091.4,1985-07-01,CT
9,1803,1,G,1,1995-01-09,1.623,1.526,ACUB,6.0,0.0,606.0,845.0,0.0,0.0,0.0,0.0,4,3,4,7.2,1995,190.0,73.0,091803,204,10.3,1091.4,1985-07-01,CT
9,1803,1,G,1,1995-01-09,1.623,1.526,ACUB,6.0,0.0,606.0,845.0,0.0,0.0,0.0,0.0,4,3,4,7.2,1995,190.0,73.0,091803,204,10.3,1091.4,1985-07-01,CT
9,1803,1,G,1,1994-01-19,1.715,1.734,ACUB,11.0,3.0,828.0,1091.0,0.0,0.0,0.0,0.0,4,3,4,7.2,1994,,30.0,091803,351,10.0,1167.0,1985-07-01,CT
9,1803,1,G,1,1991-07-26,1.63,1.522,ACUB,,,,,,,,,5,2,5,7.2,1991,,,091803,152,11.4,1250.0,1985-07-01,CT
9,1803,1,G,1,1994-07-27,1.571,1.579,ACUB,6.0,0.0,606.0,845.0,0.0,0.0,0.0,0.0,4,3,4,7.2,1994,,30.0,091803,351,10.0,1167.0,1985-07-01,CT
9,1803,1,G,1,1991-07-26,1.67,1.509,ACUB,,,,,,,,,5,2,5,7.2,1991,,,091803,152,11.4,1250.0,1985-07-01,CT
9,1803,1,G,1,1995-01-09,1.636,1.507,ACUB,6.0,0.0,606.0,845.0,0.0,0.0,0.0,0.0,4,3,4,7.2,1995,190.0,73.0,091803,204,10.3,1091.4,1985-07-01,CT
9,1803,1,G,1,1995-01-09,1.636,1.507,ACUB,6.0,0.0,606.0,845.0,0.0,0.0,0.0,0.0,4,3,4,7.2,1995,190.0,73.0,091803,204,10.3,1091.4,1985-07-01,CT
9,1803,1,G,1,1995-01-09,1.636,1.507,ACUB,6.0,0.0,606.0,845.0,0.0,0.0,0.0,0.0,4,3,4,7.2,1995,190.0,73.0,091803,204,10.3,1091.4,1985-07-01,CT
9,1803,1,G,1,1994-02-22,1.777,1.867,ACUB,11.0,3.0,828.0,1091.0,0.0,0.0,0.0,0.0,4,3,4,7.2,1994,,30.0,091803,351,10.0,1167.0,1985-07-01,CT
9,1803,1,G,1,1989-10-26,1.594,1.454,ACUB,,,,,,,,,4,4,4,7.2,1989,,,091803,348,9.8,1590.1,1985-07-01,CT
9,1803,1,G,1,1989-10-26,1.426,1.562,ACUB,,,,,,,,,4,4,4,7.2,1989,,,091803,348,9.8,1590.1,1985-07-01,CT
9,1803,1,G,1,1989-10-26,1.51,1.438,ACUB,,,,,,,,,4,4,4,7.2,1989,,,091803,348,9.8,1590.1,1985-07-01,CT
9,1803,1,G,1,1989-10-26,1.443,1.539,ACUB,,,,,,,,,4,4,4,7.2,1989,,,091803,348,9.8,1590.1,1985-07-01,CT
9,1803,1,G,1,1989-10-26,1.413,1.562,ACUB,,,,,,,,,4,4,4,7.2,1989,,,091803,348,9.8,1590.1,1985-07-01,CT
9,1803,1,G,1,1990-08-30,1.736,1.523,ACUB,,,,,,,,,5,4,5,7.2,1990,,,091803,91,11.2,1273.5,1985-07-01,CT
9,1803,1,G,1,1990-08-30,1.656,1.555,ACUB,,,,,,,,,5,4,5,7.2,1990,,,091803,91,11.2,1273.5,1985-07-01,CT
9,1803,1,G,1,1990-08-30,1.733,1.533,ACUB,,,,,,,,,5,4,5,7.2,1990,,,091803,91,11.2,1273.5,1985-07-01,CT
9,1803,1,G,1,1990-08-30,1.67,1.578,ACUB,,,,,,,,,5,4,5,7.2,1990,,,091803,91,11.2,1273.5,1985-07-01,CT
9,1803,1,G,1,1991-07-26,1.683,1.472,ACUB,,,,,,,,,5,2,5,7.2,1991,,,091803,152,11.4,1250.0,1985-07-01,CT
9,1803,1,G,1,1991-07-26,1.649,1.531,ACUB,,,,,,,,,5,2,5,7.2,1991,,,091803,152,11.4,1250.0,1985-07-01,CT
9,1803,1,G,1,1994-01-19,1.715,1.728,ACUB,11.0,3.0,828.0,1091.0,0.0,0.0,0.0,0.0,4,3,4,7.2,1994,,30.0,091803,351,10.0,1167.0,1985-07-01,CT
9,1803,1,G,1,1991-07-26,1.697,1.523,ACUB,,,,,,,,,5,2,5,7.2,1991,,,091803,152,11.4,1250.0,1985-07-01,CT
9,1803,1,G,1,1992-07-29,1.578,1.447,ACUB,,,,,,,,,6,5,6,7.2,1992,,,091803,175,9.6,1232.5,1985-07-01,CT
9,1803,1,G,1,1992-07-29,1.59,1.477,ACUB,,,,,,,,,6,5,6,7.2,1992,,,091803,175,9.6,1232.5,1985-07-01,CT
9,1803,1,G,1,1992-07-29,1.544,1.479,ACUB,,,,,,,,,6,5,6,7.2,1992,,,091803,175,9.6,1232.5,1985-07-01,CT
9,1803,1,G,1,1992-07-29,1.539,1.488,ACUB,,,,,,,,,6,5,6,7.2,1992,,,091803,175,9.6,1232.5,1985-07-01,CT
9,1803,1,G,1,1992-07-29,1.536,1.452,ACUB,,,,,,,,,6,5,6,7.2,1992,,,091803,175,9.6,1232.5,1985-07-01,CT
9,1803,1,G,1,1993-07-28,1.576,1.467,ACUB,11.0,3.0,828.0,1091.0,0.0,0.0,0.0,0.0,4,3,4,7.2,1993,110.0,35.0,091803,243,10.2,1113.4,1985-07-01,CT
9,1803,1,G,1,1993-07-28,1.576,1.467,ACUB,11.0,3.0,828.0,1091.0,0.0,0.0,0.0,0.0,4,3,4,7.2,1993,110.0,35.0,091803,243,10.2,1113.4,1985-07-01,CT
9,1803,1,G,1,1993-07-28,1.575,1.51,ACUB,11.0,3.0,828.0,1091.0,0.0,0.0,0.0,0.0,4,3,4,7.2,1993,110.0,35.0,091803,243,10.2,1113.4,1985-07-01,CT
9,1803,1,G,1,1993-07-28,1.575,1.51,ACUB,11.0,3.0,828.0,1091.0,0.0,0.0,0.0,0.0,4,3,4,7.2,1993,110.0,35.0,091803,243,10.2,1113.4,1985-07-01,CT
9,1803,1,G,1,1993-07-28,1.602,1.476,ACUB,11.0,3.0,828.0,1091.0,0.0,0.0,0.0,0.0,4,3,4,7.2,1993,110.0,35.0,091803,243,10.2,1113.4,1985-07-01,CT
9,1803,1,G,1,1993-07-28,1.602,1.476,ACUB,11.0,3.0,828.0,1091.0,0.0,0.0,0.0,0.0,4,3,4,7.2,1993,110.0,35.0,091803,243,10.2,1113.4,1985-07-01,CT
9,1803,1,G,1,1993-07-28,1.575,1.524,ACUB,11.0,3.0,828.0,1091.0,0.0,0.0,0.0,0.0,4,3,4,7.2,1993,110.0,35.0,091803,243,10.2,1113.4,1985-07-01,CT
9,1803,1,G,1,1993-07-28,1.575,1.524,ACUB,11.0,3.0,828.0,1091.0,0.0,0.0,0.0,0.0,4,3,4,7.2,1993,110.0,35.0,091803,243,10.2,1113.4,1985-07-01,CT
9,1803,1,G,1,1993-07-28,1.594,1.534,ACUB,11.0,3.0,828.0,1091.0,0.0,0.0,0.0,0.0,4,3,4,7.2,1993,110.0,35.0,091803,243,10.2,1113.4,1985-07-01,CT
9,1803,1,G,1,1993-07-28,1.594,1.534,ACUB,11.0,3.0,828.0,1091.0,0.0,0.0,0.0,0.0,4,3,4,7.2,1993,110.0,35.0,091803,243,10.2,1113.4,1985-07-01,CT
9,1803,1,G,1,1990-08-30,1.664,1.616,ACUB,,,,,,,,,5,4,5,7.2,1990,,,091803,91,11.2,1273.5,1985-07-01,CT
9,1803,1,G,1,1994-02-22,1.854,1.835,ACUB,11.0,3.0,828.0,1091.0,0.0,0.0,0.0,0.0,4,3,4,7.2,1994,,30.0,091803,351,10.0,1167.0,1985-07-01,CT
9,1803,2,G,1,1995-06-15,1.567,1.629,ACUB,19.0,4.0,1514.0,3194.0,0.0,0.0,0.0,0.0,5,4,5,7.2,1995,190.0,73.0,091803,204,10.3,1091.4,,CT
9,1803,2,G,1,1995-06-15,1.567,1.629,ACUB,19.0,4.0,1514.0,3194.0,0.0,0.0,0.0,0.0,5,4,5,7.2,1995,190.0,73.0,091803,204,10.3,1091.4,,CT
9,1803,2,G,1,1995-06-15,1.567,1.629,ACUB,19.0,4.0,1514.0,3194.0,0.0,0.0,0.0,0.0,5,4,5,7.2,1995,190.0,73.0,091803,204,10.3,1091.4,,CT
9,1803,2,G,1,1995-05-19,1.628,1.602,ACUB,19.0,4.0,1514.0,3194.0,0.0,0.0,0.0,0.0,5,4,5,7.2,1995,190.0,73.0,091803,204,10.3,1091.4,,CT
9,1803,2,G,1,1995-05-19,1.628,1.602,ACUB,19.0,4.0,1514.0,3194.0,0.0,0.0,0.0,0.0,5,4,5,7.2,1995,190.0,73.0,091803,204,10.3,1091.4,,CT
9,1803,2,G,1,1995-05-19,1.628,1.602,ACUB,19.0,4.0,1514.0,3194.0,0.0,0.0,0.0,0.0,5,4,5,7.2,1995,190.0,73.0,091803,204,10.3,1091.4,,CT
9,1803,2,G,1,1995-06-15,1.574,1.582,ACUB,19.0,4.0,1514.0,3194.0,0.0,0.0,0.0,0.0,5,4,5,7.2,1995,190.0,73.0,091803,204,10.3,1091.4,,CT
9,1803,2,G,1,1995-06-15,1.574,1.582,ACUB,19.0,4.0,1514.0,3194.0,0.0,0.0,0.0,0.0,5,4,5,7.2,1995,190.0,73.0,091803,204,10.3,1091.4,,CT
9,1803,2,G,1,1995-06-15,1.574,1.582,ACUB,19.0,4.0,1514.0,3194.0,0.0,0.0,0.0,0.0,5,4,5,7.2,1995,190.0,73.0,091803,204,10.3,1091.4,,CT
9,1803,2,G,1,1995-06-15,1.599,1.533,ACUB,19.0,4.0,1514.0,3194.0,0.0,0.0,0.0,0.0,5,4,5,7.2,1995,190.0,73.0,091803,204,10.3,1091.4,,CT
9,1803,2,G,1,1995-06-15,1.599,1.533,ACUB,19.0,4.0,1514.0,3194.0,0.0,0.0,0.0,0.0,5,4,5,7.2,1995,190.0,73.0,091803,204,10.3,1091.4,,CT
9,1803,2,G,1,1995-06-15,1.599,1.533,ACUB,19.0,4.0,1514.0,3194.0,0.0,0.0,0.0,0.0,5,4,5,7.2,1995,190.0,73.0,091803,204,10.3,1091.4,,CT
9,1803,2,G,1,1995-06-15,1.6,1.56,ACUB,19.0,4.0,1514.0,3194.0,0.0,0.0,0.0,0.0,5,4,5,7.2,1995,190.0,73.0,091803,204,10.3,1091.4,,CT
9,1803,2,G,1,1995-06-15,1.6,1.56,ACUB,19.0,4.0,1514.0,3194.0,0.0,0.0,0.0,0.0,5,4,5,7.2,1995,190.0,73.0,091803,204,10.3,1091.4,,CT
9,1803,2,G,1,1995-06-15,1.6,1.56,ACUB,19.0,4.0,1514.0,3194.0,0.0,0.0,0.0,0.0,5,4,5,7.2,1995,190.0,73.0,091803,204,10.3,1091.4,,CT
9,1803,2,G,1,1995-02-22,1.588,1.634,ACUB,19.0,4.0,1514.0,3194.0,0.0,0.0,0.0,0.0,5,4,5,7.2,1995,190.0,73.0,091803,204,10.3,1091.4,,CT
9,1803,2,G,1,1995-02-22,1.588,1.634,ACUB,19.0,4.0,1514.0,3194.0,0.0,0.0,0.0,0.0,5,4,5,7.2,1995,190.0,73.0,091803,204,10.3,1091.4,,CT
9,1803,2,G,1,1995-02-22,1.588,1.634,ACUB,19.0,4.0,1514.0,3194.0,0.0,0.0,0.0,0.0,5,4,5,7.2,1995,190.0,73.0,091803,204,10.3,1091.4,,CT
9,1803,2,G,1,1995-02-22,1.602,1.661,ACUB,19.0,4.0,1514.0,3194.0,0.0,0.0,0.0,0.0,5,4,5,7.2,1995,190.0,73.0,091803,204,10.3,1091.4,,CT
9,1803,2,G,1,1995-02-22,1.602,1.661,ACUB,19.0,4.0,1514.0,3194.0,0.0,0.0,0.0,0.0,5,4,5,7.2,1995,190.0,73.0,091803,204,10.3,1091.4,,CT
9,1803,2,G,1,1995-02-22,1.602,1.661,ACUB,19.0,4.0,1514.0,3194.0,0.0,0.0,0.0,0.0,5,4,5,7.2,1995,190.0,73.0,091803,204,10.3,1091.4,,CT
9,1803,2,G,1,1995-05-19,1.589,1.605,ACUB,19.0,4.0,1514.0,3194.0,0.0,0.0,0.0,0.0,5,4,5,7.2,1995,190.0,73.0,091803,204,10.3,1091.4,,CT
9,1803,2,G,1,1995-05-19,1.589,1.605,ACUB,19.0,4.0,1514.0,3194.0,0.0,0.0,0.0,0.0,5,4,5,7.2,1995,190.0,73.0,091803,204,10.3,1091.4,,CT
9,1803,2,G,1,1995-05-19,1.589,1.605,ACUB,19.0,4.0,1514.0,3194.0,0.0,0.0,0.0,0.0,5,4,5,7.2,1995,190.0,73.0,091803,204,10.3,1091.4,,CT
9,1803,2,G,1,1995-02-22,1.585,1.661,ACUB,19.0,4.0,1514.0,3194.0,0.0,0.0,0.0,0.0,5,4,5,7.2,1995,190.0,73.0,091803,204,10.3,1091.4,,CT
9,1803,2,G,1,1995-02-22,1.585,1.661,ACUB,19.0,4.0,1514.0,3194.0,0.0,0.0,0.0,0.0,5,4,5,7.2,1995,190.0,73.0,091803,204,10.3,1091.4,,CT
9,1803,2,G,1,1995-02-22,1.585,1.661,ACUB,19.0,4.0,1514.0,3194.0,0.0,0.0,0.0,0.0,5,4,5,7.2,1995,190.0,73.0,091803,204,10.3,1091.4,,CT
9,1803,2,G,1,1995-02-22,1.614,1.627,ACUB,19.0,4.0,1514.0,3194.0,0.0,0.0,0.0,0.0,5,4,5,7.2,1995,190.0,73.0,091803,204,10.3,1091.4,,CT
9,1803,2,G,1,1995-02-22,1.614,1.627,ACUB,19.0,4.0,1514.0,3194.0,0.0,0.0,0.0,0.0,5,4,5,7.2,1995,190.0,73.0,091803,204,10.3,1091.4,,CT
9,1803,2,G,1,1995-02-22,1.614,1.627,ACUB,19.0,4.0,1514.0,3194.0,0.0,0.0,0.0,0.0,5,4,5,7.2,1995,190.0,73.0,091803,204,10.3,1091.4,,CT
9,1803,2,G,1,1995-05-19,1.593,1.539,ACUB,19.0,4.0,1514.0,3194.0,0.0,0.0,0.0,0.0,5,4,5,7.2,1995,190.0,73.0,091803,204,10.3,1091.4,,CT
9,1803,2,G,1,1995-05-19,1.593,1.539,ACUB,19.0,4.0,1514.0,3194.0,0.0,0.0,0.0,0.0,5,4,5,7.2,1995,190.0,73.0,091803,204,10.3,1091.4,,CT
9,1803,2,G,1,1995-05-19,1.593,1.539,ACUB,19.0,4.0,1514.0,3194.0,0.0,0.0,0.0,0.0,5,4,5,7.2,1995,190.0,73.0,091803,204,10.3,1091.4,,CT
9,1803,2,G,1,1995-05-19,1.586,1.632,ACUB,19.0,4.0,1514.0,3194.0,0.0,0.0,0.0,0.0,5,4,5,7.2,1995,190.0,73.0,091803,204,10.3,1091.4,,CT
9,1803,2,G,1,1995-05-19,1.586,1.632,ACUB,19.0,4.0,1514.0,3194.0,0.0,0.0,0.0,0.0,5,4,5,7.2,1995,190.0,73.0,091803,204,10.3,1091.4,,CT
9,1803,2,G,1,1995-05-19,1.586,1.632,ACUB,19.0,4.0,1514.0,3194.0,0.0,0.0,0.0,0.0,5,4,5,7.2,1995,190.0,73.0,091803,204,10.3,1091.4,,CT
9,1803,2,G,1,1995-05-19,1.59,1.599,ACUB,19.0,4.0,1514.0,3194.0,0.0,0.0,0.0,0.0,5,4,5,7.2,1995,190.0,73.0,091803,204,10.3,1091.4,,CT
9,1803,2,G,1,1995-05-19,1.59,1.599,ACUB,19.0,4.0,1514.0,3194.0,0.0,0.0,0.0,0.0,5,4,5,7.2,1995,190.0,73.0,091803,204,10.3,1091.4,,CT
9,1803,2,G,1,1995-05-19,1.59,1.599,ACUB,19.0,4.0,1514.0,3194.0,0.0,0.0,0.0,0.0,5,4,5,7.2,1995,190.0,73.0,091803,204,10.3,1091.4,,CT
9,1803,2,G,1,1995-02-22,1.587,1.646,ACUB,19.0,4.0,1514.0,3194.0,0.0,0.0,0.0,0.0,5,4,5,7.2,1995,190.0,73.0,091803,204,10.3,1091.4,,CT
9,1803,2,G,1,1995-02-22,1.587,1.646,ACUB,19.0,4.0,1514.0,3194.0,0.0,0.0,0.0,0.0,5,4,5,7.2,1995,190.0,73.0,091803,204,10.3,1091.4,,CT
9,1803,2,G,1,1995-02-22,1.587,1.646,ACUB,19.0,4.0,1514.0,3194.0,0.0,0.0,0.0,0.0,5,4,5,7.2,1995,190.0,73.0,091803,204,10.3,1091.4,,CT
9,1803,2,G,1,1995-06-15,1.555,1.576,ACUB,19.0,4.0,1514.0,3194.0,0.0,0.0,0.0,0.0,5,4,5,7.2,1995,190.0,73.0,091803,204,10.3,1091.4,,CT
9,1803,2,G,1,1995-06-15,1.555,1.576,ACUB,19.0,4.0,1514.0,3194.0,0.0,0.0,0.0,0.0,5,4,5,7.2,1995,190.0,73.0,091803,204,10.3,1091.4,,CT
9,1803,2,G,1,1995-06-15,1.555,1.576,ACUB,19.0,4.0,1514.0,3194.0,0.0,0.0,0.0,0.0,5,4,5,7.2,1995,190.0,73.0,091803,204,10.3,1091.4,,CT
9,1803,3,G,1,1998-06-11,1.635,1.663,ACUB,22.0,3.0,2962.0,5814.0,0.0,0.0,0.0,0.0,5,4,5,7.2,1998,,,091803,81,11.3,1364.2,,CT
9,1803,3,G,1,1998-06-11,1.627,1.649,ACUB,22.0,3.0,2962.0,5814.0,0.0,0.0,0.0,0.0,5,4,5,7.2,1998,,,091803,81,11.3,1364.2,,CT
9,1803,3,G,1,1998-06-11,1.625,1.709,ACUB,22.0,3.0,2962.0,5814.0,0.0,0.0,0.0,0.0,5,4,5,7.2,1998,,,091803,81,11.3,1364.2,,CT
9,1803,3,G,1,1998-06-11,1.625,1.713,ACUB,22.0,3.0,2962.0,5814.0,0.0,0.0,0.0,0.0,5,4,5,7.2,1998,,,091803,81,11.3,1364.2,,CT
9,1803,3,G,1,1997-10-28,1.61,1.668,ACUB,12.0,5.0,3517.0,1524.0,0.0,0.0,0.0,0.0,5,4,5,7.2,1997,,,091803,129,10.0,970.7,,CT
9,1803,3,G,1,1997-10-28,1.637,1.611,ACUB,12.0,5.0,3517.0,1524.0,0.0,0.0,0.0,0.0,5,4,5,7.2,1997,,,091803,129,10.0,970.7,,CT
9,1803,3,G,1,1997-10-28,1.648,1.649,ACUB,12.0,5.0,3517.0,1524.0,0.0,0.0,0.0,0.0,5,4,5,7.2,1997,,,091803,129,10.0,970.7,,CT
9,1803,3,G,1,1997-08-23,1.627,1.655,ACUB,12.0,5.0,3517.0,1524.0,0.0,0.0,0.0,0.0,5,4,5,7.2,1997,,,091803,129,10.0,970.7,,CT
9,1803,3,G,1,1998-06-11,1.624,1.656,ACUB,22.0,3.0,2962.0,5814.0,0.0,0.0,0.0,0.0,5,4,5,7.2,1998,,,091803,81,11.3,1364.2,,CT
9,1803,3,G,1,2000-06-10,1.668,1.744,ACUB,36.0,5.0,3340.0,10501.0,0.0,0.0,0.0,0.0,6,4,6,7.2,2000,,,091803,274,10.0,1309.2,,CT
9,1803,3,G,1,1997-08-23,1.624,1.727,ACUB,12.0,5.0,3517.0,1524.0,0.0,0.0,0.0,0.0,5,4,5,7.2,1997,,,091803,129,10.0,970.7,,CT
9,1803,3,G,1,1999-07-06,1.654,1.776,ACUB,36.0,5.0,3340.0,10501.0,0.0,0.0,0.0,0.0,6,4,6,7.2,1999,,,091803,158,10.9,1161.6,,CT
9,1803,3,G,1,1999-07-06,1.638,1.709,ACUB,36.0,5.0,3340.0,10501.0,0.0,0.0,0.0,0.0,6,4,6,7.2,1999,,,091803,158,10.9,1161.6,,CT
9,1803,3,G,1,1999-07-06,1.624,1.733,ACUB,36.0,5.0,3340.0,10501.0,0.0,0.0,0.0,0.0,6,4,6,7.2,1999,,,091803,158,10.9,1161.6,,CT
9,1803,3,G,1,1999-07-06,1.641,1.745,ACUB,36.0,5.0,3340.0,10501.0,0.0,0.0,0.0,0.0,6,4,6,7.2,1999,,,091803,158,10.9,1161.6,,CT
9,1803,3,G,1,1999-07-06,1.637,1.719,ACUB,36.0,5.0,3340.0,10501.0,0.0,0.0,0.0,0.0,6,4,6,7.2,1999,,,091803,158,10.9,1161.6,,CT
9,1803,3,G,1,2000-06-10,1.633,1.814,ACUB,36.0,5.0,3340.0,10501.0,0.0,0.0,0.0,0.0,6,4,6,7.2,2000,,,091803,274,10.0,1309.2,,CT
9,1803,3,G,1,1997-08-23,1.649,1.672,ACUB,12.0,5.0,3517.0,1524.0,0.0,0.0,0.0,0.0,5,4,5,7.2,1997,,,091803,129,10.0,970.7,,CT
9,1803,3,G,1,2000-06-10,1.637,1.748,ACUB,36.0,5.0,3340.0,10501.0,0.0,0.0,0.0,0.0,6,4,6,7.2,2000,,,091803,274,10.0,1309.2,,CT
9,1803,3,G,1,1997-10-28,1.62,1.664,ACUB,12.0,5.0,3517.0,1524.0,0.0,0.0,0.0,0.0,5,4,5,7.2,1997,,,091803,129,10.0,970.7,,CT
9,1803,3,G,1,2000-06-10,1.649,1.793,ACUB,36.0,5.0,3340.0,10501.0,0.0,0.0,0.0,0.0,6,4,6,7.2,2000,,,091803,274,10.0,1309.2,,CT
9,1803,3,G,1,2000-06-10,1.631,1.756,ACUB,36.0,5.0,3340.0,10501.0,0.0,0.0,0.0,0.0,6,4,6,7.2,2000,,,091803,274,10.0,1309.2,,CT
9,1803,3,G,1,1996-11-14,1.608,1.695,ACUB,26.0,3.0,3257.0,7431.0,0.0,0.0,0.0,0.0,5,4,5,7.2,1996,,,091803,282,9.6,1427.2,,CT
9,1803,3,G,1,1997-10-28,1.608,1.652,ACUB,12.0,5.0,3517.0,1524.0,0.0,0.0,0.0,0.0,5,4,5,7.2,1997,,,091803,129,10.0,970.7,,CT
9,1803,3,G,1,1996-11-14,1.616,1.689,ACUB,26.0,3.0,3257.0,7431.0,0.0,0.0,0.0,0.0,5,4,5,7.2,1996,,,091803,282,9.6,1427.2,,CT
9,1803,3,G,1,1997-08-23,1.615,1.682,ACUB,12.0,5.0,3517.0,1524.0,0.0,0.0,0.0,0.0,5,4,5,7.2,1997,,,091803,129,10.0,970.7,,CT
9,1803,3,G,1,1996-11-14,1.59,1.722,ACUB,26.0,3.0,3257.0,7431.0,0.0,0.0,0.0,0.0,5,4,5,7.2,1996,,,091803,282,9.6,1427.2,,CT
9,1803,3,G,1,1996-11-14,1.6,1.702,ACUB,26.0,3.0,3257.0,7431.0,0.0,0.0,0.0,0.0,5,4,5,7.2,1996,,,091803,282,9.6,1427.2,,CT
9,1803,3,G,1,1996-11-14,1.601,1.7,ACUB,26.0,3.0,3257.0,7431.0,0.0,0.0,0.0,0.0,5,4,5,7.2,1996,,,091803,282,9.6,1427.2,,CT
9,1803,3,G,1,1997-01-14,1.606,1.695,ACUB,26.0,3.0,3257.0,7431.0,0.0,0.0,0.0,0.0,5,4,5,7.2,1997,,,091803,129,10.0,970.7,,CT
9,1803,3,G,1,1997-01-14,1.582,1.624,ACUB,26.0,3.0,3257.0,7431.0,0.0,0.0,0.0,0.0,5,4,5,7.2,1997,,,091803,129,10.0,970.7,,CT
9,1803,3,G,1,1997-01-14,1.576,1.688,ACUB,26.0,3.0,3257.0,7431.0,0.0,0.0,0.0,0.0,5,4,5,7.2,1997,,,091803,129,10.0,970.7,,CT
9,1803,3,G,1,1997-01-14,1.589,1.683,ACUB,26.0,3.0,3257.0,7431.0,0.0,0.0,0.0,0.0,5,4,5,7.2,1997,,,091803,129,10.0,970.7,,CT
9,1803,3,G,1,1997-01-14,1.579,1.626,ACUB,26.0,3.0,3257.0,7431.0,0.0,0.0,0.0,0.0,5,4,5,7.2,1997,,,091803,129,10.0,970.7,,CT
9,1803,3,G,1,1997-02-11,1.579,1.632,ACUB,31.0,2.0,5980.0,12812.0,0.0,0.0,0.0,0.0,6,4,6,7.2,1997,,,091803,129,10.0,970.7,,CT
9,1803,3,G,1,1997-02-11,1.58,1.619,ACUB,31.0,2.0,5980.0,12812.0,0.0,0.0,0.0,0.0,6,4,6,7.2,1997,,,091803,129,10.0,970.7,,CT
9,1803,3,G,1,1997-04-09,1.597,1.703,ACUB,31.0,2.0,5980.0,12812.0,0.0,0.0,0.0,0.0,6,4,6,7.2,1997,,,091803,129,10.0,970.7,,CT
9,1803,3,G,1,1997-02-11,1.595,1.64,ACUB,31.0,2.0,5980.0,12812.0,0.0,0.0,0.0,0.0,6,4,6,7.2,1997,,,091803,129,10.0,970.7,,CT
9,1803,3,G,1,1997-04-09,1.594,1.704,ACUB,31.0,2.0,5980.0,12812.0,0.0,0.0,0.0,0.0,6,4,6,7.2,1997,,,091803,129,10.0,970.7,,CT
9,1803,3,G,1,1997-04-09,1.581,1.715,ACUB,31.0,2.0,5980.0,12812.0,0.0,0.0,0.0,0.0,6,4,6,7.2,1997,,,091803,129,10.0,970.7,,CT
9,1803,3,G,1,1997-04-09,1.613,1.657,ACUB,31.0,2.0,5980.0,12812.0,0.0,0.0,0.0,0.0,6,4,6,7.2,1997,,,091803,129,10.0,970.7,,CT
9,1803,3,G,1,1997-02-11,1.58,1.642,ACUB,31.0,2.0,5980.0,12812.0,0.0,0.0,0.0,0.0,6,4,6,7.2,1997,,,091803,129,10.0,970.7,,CT
9,1803,3,G,1,1997-02-11,1.584,1.638,ACUB,31.0,2.0,5980.0,12812.0,0.0,0.0,0.0,0.0,6,4,6,7.2,1997,,,091803,129,10.0,970.7,,CT
9,1803,3,G,1,1997-04-09,1.577,1.704,ACUB,31.0,2.0,5980.0,12812.0,0.0,0.0,0.0,0.0,6,4,6,7.2,1997,,,091803,129,10.0,970.7,,CT
9,1803,3,G,1,1997-08-23,1.62,1.722,ACUB,12.0,5.0,3517.0,1524.0,0.0,0.0,0.0,0.0,5,4,5,7.2,1997,,,091803,129,10.0,970.7,,CT
