STATE_CODE,SHRP_ID,CONSTRUCTION_NO,GPS_SPS,EXPERIMENT_NO,VISIT_DATE,IRI_LEFT_WHEEL_PATH,IRI_RIGHT_WHEEL_PATH,PAVEMENT_FAMILY,HPMS16_CRACKING_PERCENT_JPCC,MEPDG_CRACKING_PERCENT_JPCC,AVG_WHEELPATH_FAULT,TRANS_SPALLING_L,TRANS_CRACK_NO,PATCH_RIGID_A,HPMS16_CRACKING_PERCENT_CRCP,MEPDG_PUNCHOUTS_CRCP,PUNCHOUTS_NO,LONG_SPALLING_L,BOUND_THICKNESS_CM,PLASTICITY_INDEX,YEAR,AADTT_LTPPLN,KESAL_YEAR,VWS_ID,FREEZE_INDEX_YR,MEAN_ANN_TEMP_AVG,TOTAL_ANN_PRECIP,CONSTRUCTION_DATE,STATE_ABBR
5,3011,1,G,3,1990-11-29,1.194,1.05,JPCTB,0.0,0.0,0.0,0.0,0,0.0,,,,,10.8,,1990,,,053011,29,17.1,1739.0,1983-05-01,AR
5,3011,1,G,3,1990-11-29,1.223,1.036,JPCTB,0.0,0.0,0.0,0.0,0,0.0,,,,,10.8,,1990,,,053011,29,17.1,1739.0,1983-05-01,AR
5,3011,1,G,3,1990-11-29,1.218,1.05,JPCTB,0.0,0.0,0.0,0.0,0,0.0,,,,,10.8,,1990,,,053011,29,17.1,1739.0,1983-05-01,AR
5,3011,1,G,3,1990-11-29,1.235,1.043,JPCTB,0.0,0.0,0.0,0.0,0,0.0,,,,,10.8,,1990,,,053011,29,17.1,1739.0,1983-05-01,AR
5,3011,1,G,3,1990-11-29,1.214,1.014,JPCTB,0.0,0.0,0.0,0.0,0,0.0,,,,,10.8,,1990,,,053011,29,17.1,1739.0,1983-05-01,AR
5,3011,1,G,3,1991-08-13,1.198,1.019,JPCTB,0.0,0.0,0.0,0.0,0,0.0,,,,,10.8,,1991,,,053011,19,17.0,1535.8,1983-05-01,AR
5,3011,1,G,3,1991-08-13,1.196,0.993,JPCTB,0.0,0.0,0.0,0.0,0,0.0,,,,,10.8,,1991,,,053011,19,17.0,1535.8,1983-05-01,AR
5,3011,1,G,3,1991-08-13,1.199,1.012,JPCTB,0.0,0.0,0.0,0.0,0,0.0,,,,,10.8,,1991,,,053011,19,17.0,1535.8,1983-05-01,AR
5,3011,1,G,3,1991-08-13,1.191,1.039,JPCTB,0.0,0.0,0.0,0.0,0,0.0,,,,,10.8,,1991,,,053011,19,17.0,1535.8,1983-05-01,AR
5,3011,1,G,3,1991-08-13,1.166,1.013,JPCTB,0.0,0.0,0.0,0.0,0,0.0,,,,,10.8,,1991,,,053011,19,17.0,1535.8,1983-05-01,AR
5,3011,1,G,3,1993-09-14,1.266,1.104,JPCTB,,,,,,,,,,,10.8,,1993,,147.0,053011,17,15.5,1195.4,1983-05-01,AR
5,3011,1,G,3,1993-09-14,1.299,1.086,JPCTB,,,,,,,,,,,10.8,,1993,,147.0,053011,17,15.5,1195.4,1983-05-01,AR
5,3011,1,G,3,1993-09-14,1.213,1.079,JPCTB,,,,,,,,,,,10.8,,1993,,147.0,053011,17,15.5,1195.4,1983-05-01,AR
5,3011,1,G,3,1993-09-14,1.23,1.049,JPCTB,,,,,,,,,,,10.8,,1993,,147.0,053011,17,15.5,1195.4,1983-05-01,AR
5,3011,1,G,3,1993-09-14,1.257,1.105,JPCTB,,,,,,,,,,,10.8,,1993,,147.0,053011,17,15.5,1195.4,1983-05-01,AR
5,3011,1,G,3,1994-09-27,1.253,1.194,JPCTB,0.0,0.0,0.2,0.2,0,0.0,,,,,10.8,,1994,460.0,221.0,053011,59,16.1,1333.4,1983-05-01,AR
5,3011,1,G,3,1994-09-27,1.253,1.194,JPCTB,0.0,0.0,0.2,0.2,0,0.0,,,,,10.8,,1994,460.0,221.0,053011,59,16.1,1333.4,1983-05-01,AR
5,3011,1,G,3,1994-09-27,1.259,1.19,JPCTB,0.0,0.0,0.2,0.2,0,0.0,,,,,10.8,,1994,460.0,221.0,053011,59,16.1,1333.4,1983-05-01,AR
5,3011,1,G,3,1994-09-27,1.259,1.19,JPCTB,0.0,0.0,0.2,0.2,0,0.0,,,,,10.8,,1994,460.0,221.0,053011,59,16.1,1333.4,1983-05-01,AR
5,3011,1,G,3,1994-09-27,1.252,1.205,JPCTB,0.0,0.0,0.2,0.2,0,0.0,,,,,10.8,,1994,460.0,221.0,053011,59,16.1,1333.4,1983-05-01,AR
5,3011,1,G,3,1994-09-27,1.252,1.205,JPCTB,0.0,0.0,0.2,0.2,0,0.0,,,,,10.8,,1994,460.0,221.0,053011,59,16.1,1333.4,1983-05-01,AR
5,3011,1,G,3,1994-09-27,1.259,1.173,JPCTB,0.0,0.0,0.2,0.2,0,0.0,,,,,10.8,,1994,460.0,221.0,053011,59,16.1,1333.4,1983-05-01,AR
5,3011,1,G,3,1994-09-27,1.259,1.173,JPCTB,0.0,0.0,0.2,0.2,0,0.0,,,,,10.8,,1994,460.0,221.0,053011,59,16.1,1333.4,1983-05-01,AR
5,3011,1,G,3,1994-09-27,1.238,1.199,JPCTB,0.0,0.0,0.2,0.2,0,0.0,,,,,10.8,,1994,460.0,221.0,053011,59,16.1,1333.4,1983-05-01,AR
5,3011,1,G,3,1994-09-27,1.238,1.199,JPCTB,0.0,0.0,0.2,0.2,0,0.0,,,,,10.8,,1994,460.0,221.0,053011,59,16.1,1333.4,1983-05-01,AR
5,3011,1,G,3,1998-03-20,1.207,1.189,JPCTB,0.0,0.0,0.7,0.0,0,0.0,,,,,10.8,,1998,,,053011,24,17.5,1055.3,1983-05-01,AR
5,3011,1,G,3,1998-03-20,1.184,1.18,JPCTB,0.0,0.0,0.7,0.0,0,0.0,,,,,10.8,,1998,,,053011,24,17.5,1055.3,1983-05-01,AR
5,3011,1,G,3,1998-03-20,1.185,1.194,JPCTB,0.0,0.0,0.7,0.0,0,0.0,,,,,10.8,,1998,,,053011,24,17.5,1055.3,1983-05-01,AR
5,3011,1,G,3,1998-03-20,1.175,1.217,JPCTB,0.0,0.0,0.7,0.0,0,0.0,,,,,10.8,,1998,,,053011,24,17.5,1055.3,1983-05-01,AR
5,3011,1,G,3,1998-03-20,1.174,1.201,JPCTB,0.0,0.0,0.7,0.0,0,0.0,,,,,10.8,,1998,,,053011,24,17.5,1055.3,1983-05-01,AR
5,3011,1,G,3,2001-01-23,1.216,1.28,JPCTB,0.0,0.0,0.0,0.0,0,0.0,,,,,10.8,,2001,,438.0,053011,41,16.0,1282.0,1983-05-01,AR
5,3011,1,G,3,2001-01-23,1.226,1.274,JPCTB,0.0,0.0,0.0,0.0,0,0.0,,,,,10.8,,2001,,438.0,053011,41,16.0,1282.0,1983-05-01,AR
5,3011,1,G,3,2001-01-23,1.204,1.297,JPCTB,0.0,0.0,0.0,0.0,0,0.0,,,,,10.8,,2001,,438.0,053011,41,16.0,1282.0,1983-05-01,AR
5,3011,1,G,3,2001-01-23,1.222,1.295,JPCTB,0.0,0.0,0.0,0.0,0,0.0,,,,,10.8,,2001,,438.0,053011,41,16.0,1282.0,1983-05-01,AR
5,3011,1,G,3,2001-01-23,1.183,1.29,JPCTB,0.0,0.0,0.0,0.0,0,0.0,,,,,10.8,,2001,,438.0,053011,41,16.0,1282.0,1983-05-01,AR
5,3011,1,G,3,2003-04-17,1.221,1.285,JPCTB,,,,,,,,,,,10.8,,2003,,1079.0,053011,57,15.8,1277.3,1983-05-01,AR
5,3011,1,G,3,2003-04-17,1.179,1.309,JPCTB,,,,,,,,,,,10.8,,2003,,1079.0,053011,57,15.8,1277.3,1983-05-01,AR
5,3011,1,G,3,2003-04-17,1.195,1.282,JPCTB,,,,,,,,,,,10.8,,2003,,1079.0,053011,57,15.8,1277.3,1983-05-01,AR
5,3011,1,G,3,2003-04-17,1.204,1.304,JPCTB,,,,,,,,,,,10.8,,2003,,1079.0,053011,57,15.8,1277.3,1983-05-01,AR
5,3011,1,G,3,2003-04-17,1.22,1.315,JPCTB,,,,,,,,,,,10.8,,2003,,1079.0,053011,57,15.8,1277.3,1983-05-01,AR
5,3011,2,G,3,2020-07-29,0.963,0.958,JPCTB,0.0,0.0,0.3,0.3,0,0.0,,,,,10.8,,2020,,,053011,9,16.3,1471.2,,AR
5,3011,2,G,3,2020-07-29,1.025,1.073,JPCTB,0.0,0.0,0.3,0.3,0,0.0,,,,,10.8,,2020,,,053011,9,16.3,1471.2,,AR
5,3011,2,G,3,2020-07-29,0.969,1.012,JPCTB,0.0,0.0,0.3,0.3,0,0.0,,,,,10.8,,2020,,,053011,9,16.3,1471.2,,AR
5,3011,2,G,3,2020-07-29,0.898,1.027,JPCTB,0.0,0.0,0.3,0.3,0,0.0,,,,,10.8,,2020,,,053011,9,16.3,1471.2,,AR
5,3011,2,G,3,2020-07-29,0.94,1.059,JPCTB,0.0,0.0,0.3,0.3,0,0.0,,,,,10.8,,2020,,,053011,9,16.3,1471.2,,AR
5,3011,2,G,3,2020-07-29,0.911,0.982,JPCTB,0.0,0.0,0.3,0.3,0,0.0,,,,,10.8,,2020,,,053011,9,16.3,1471.2,,AR
5,3011,2,G,3,2020-07-29,1.014,1.058,JPCTB,0.0,0.0,0.3,0.3,0,0.0,,,,,10.8,,2020,,,053011,9,16.3,1471.2,,AR
5,3011,2,G,3,2020-07-29,0.834,0.957,JPCTB,0.0,0.0,0.3,0.3,0,0.0,,,,,10.8,,2020,,,053011,9,16.3,1471.2,,AR
5,3011,2,G,3,2020-07-29,0.917,1.059,JPCTB,0.0,0.0,0.3,0.3,0,0.0,,,,,10.8,,2020,,,053011,9,16.3,1471.2,,AR
5,3011,2,G,3,2020-07-29,0.939,0.948,JPCTB,0.0,0.0,0.3,0.3,0,0.0,,,,,10.8,,2020,,,053011,9,16.3,1471.2,,AR
5,3011,2,G,3,2020-07-29,0.895,0.843,JPCTB,0.0,0.0,0.3,0.3,0,0.0,,,,,10.8,,2020,,,053011,9,16.3,1471.2,,AR
5,3011,2,G,3,2020-07-29,0.887,0.892,JPCTB,0.0,0.0,0.3,0.3,0,0.0,,,,,10.8,,2020,,,053011,9,16.3,1471.2,,AR
5,3011,2,G,3,2020-07-29,0.913,0.854,JPCTB,0.0,0.0,0.3,0.3,0,0.0,,,,,10.8,,2020,,,053011,9,16.3,1471.2,,AR
5,3011,2,G,3,2020-07-29,0.866,0.886,JPCTB,0.0,0.0,0.3,0.3,0,0.0,,,,,10.8,,2020,,,053011,9,16.3,1471.2,,AR
5,3011,2,G,3,2020-07-29,0.867,1.003,JPCTB,0.0,0.0,0.3,0.3,0,0.0,,,,,10.8,,2020,,,053011,9,16.3,1471.2,,AR
5,3011,2,G,3,2005-04-07,1.228,1.311,JPCTB,,,,,,,,,,,10.8,,2005,,661.0,053011,23,16.8,897.7,,AR
5,3011,2,G,3,2005-04-07,1.258,1.313,JPCTB,,,,,,,,,,,10.8,,2005,,661.0,053011,23,16.8,897.7,,AR
5,3011,2,G,3,2005-04-07,1.237,1.314,JPCTB,,,,,,,,,,,10.8,,2005,,661.0,053011,23,16.8,897.7,,AR
5,3011,2,G,3,2005-04-07,1.232,1.352,JPCTB,,,,,,,,,,,10.8,,2005,,661.0,053011,23,16.8,897.7,,AR
5,3011,2,G,3,2005-04-07,1.218,1.343,JPCTB,,,,,,,,,,,10.8,,2005,,661.0,053011,23,16.8,897.7,,AR
5,3011,2,G,3,2011-03-07,1.317,1.495,JPCTB,0.0,0.0,0.9,0.0,0,0.0,,,,,10.8,,2011,220.0,,053011,63,16.6,1534.0,,AR
5,3011,2,G,3,2011-03-07,1.317,1.495,JPCTB,0.0,0.0,0.9,0.0,0,0.0,,,,,10.8,,2011,220.0,,053011,63,16.6,1534.0,,AR
5,3011,2,G,3,2011-03-07,1.311,1.512,JPCTB,0.0,0.0,0.9,0.0,0,0.0,,,,,10.8,,2011,220.0,,053011,63,16.6,1534.0,,AR
5,3011,2,G,3,2011-03-07,1.311,1.512,JPCTB,0.0,0.0,0.9,0.0,0,0.0,,,,,10.8,,2011,220.0,,053011,63,16.6,1534.0,,AR
5,3011,2,G,3,2011-03-07,1.339,1.475,JPCTB,0.0,0.0,0.9,0.0,0,0.0,,,,,10.8,,2011,220.0,,053011,63,16.6,1534.0,,AR
5,3011,2,G,3,2011-03-07,1.339,1.475,JPCTB,0.0,0.0,0.9,0.0,0,0.0,,,,,10.8,,2011,220.0,,053011,63,16.6,1534.0,,AR
5,3011,2,G,3,2011-03-07,1.313,1.491,JPCTB,0.0,0.0,0.9,0.0,0,0.0,,,,,10.8,,2011,220.0,,053011,63,16.6,1534.0,,AR
5,3011,2,G,3,2011-03-07,1.313,1.491,JPCTB,0.0,0.0,0.9,0.0,0,0.0,,,,,10.8,,2011,220.0,,053011,63,16.6,1534.0,,AR
5,3011,2,G,3,2011-03-07,1.344,1.504,JPCTB,0.0,0.0,0.9,0.0,0,0.0,,,,,10.8,,2011,220.0,,053011,63,16.6,1534.0,,AR
5,3011,2,G,3,2011-03-07,1.344,1.504,JPCTB,0.0,0.0,0.9,0.0,0,0.0,,,,,10.8,,2011,220.0,,053011,63,16.6,1534.0,,AR
5,3011,2,G,3,2013-05-01,1.394,1.481,JPCTB,0.0,0.0,1.2,0.3,0,0.0,,,,,10.8,,2013,590.0,397.0,053011,41,15.1,1575.3,,AR
5,3011,2,G,3,2013-05-01,1.394,1.481,JPCTB,0.0,0.0,1.2,0.3,0,0.0,,,,,10.8,,2013,590.0,397.0,053011,41,15.1,1575.3,,AR
5,3011,2,G,3,2013-05-01,1.394,1.481,JPCTB,0.0,0.0,1.2,0.3,0,0.0,,,,,10.8,,2013,590.0,397.0,053011,41,15.1,1575.3,,AR
5,3011,2,G,3,2013-05-01,1.359,1.42,JPCTB,0.0,0.0,1.2,0.3,0,0.0,,,,,10.8,,2013,590.0,397.0,053011,41,15.1,1575.3,,AR
5,3011,2,G,3,2013-05-01,1.359,1.42,JPCTB,0.0,0.0,1.2,0.3,0,0.0,,,,,10.8,,2013,590.0,397.0,053011,41,15.1,1575.3,,AR
5,3011,2,G,3,2013-05-01,1.359,1.42,JPCTB,0.0,0.0,1.2,0.3,0,0.0,,,,,10.8,,2013,590.0,397.0,053011,41,15.1,1575.3,,AR
5,3011,2,G,3,2013-05-01,1.34,1.445,JPCTB,0.0,0.0,1.2,0.3,0,0.0,,,,,10.8,,2013,590.0,397.0,053011,41,15.1,1575.3,,AR
5,3011,2,G,3,2013-05-01,1.34,1.445,JPCTB,0.0,0.0,1.2,0.3,0,0.0,,,,,10.8,,2013,590.0,397.0,053011,41,15.1,1575.3,,AR
5,3011,2,G,3,2013-05-01,1.34,1.445,JPCTB,0.0,0.0,1.2,0.3,0,0.0,,,,,10.8,,2013,590.0,397.0,053011,41,15.1,1575.3,,AR
5,3011,2,G,3,2013-05-01,1.356,1.472,JPCTB,0.0,0.0,1.2,0.3,0,0.0,,,,,10.8,,2013,590.0,397.0,053011,41,15.1,1575.3,,AR
5,3011,2,G,3,2013-05-01,1.356,1.472,JPCTB,0.0,0.0,1.2,0.3,0,0.0,,,,,10.8,,2013,590.0,397.0,053011,41,15.1,1575.3,,AR
5,3011,2,G,3,2013-05-01,1.356,1.472,JPCTB,0.0,0.0,1.2,0.3,0,0.0,,,,,10.8,,2013,590.0,397.0,053011,41,15.1,1575.3,,AR
5,3011,2,G,3,2013-05-01,1.342,1.45,JPCTB,0.0,0.0,1.2,0.3,0,0.0,,,,,10.8,,2013,590.0,397.0,053011,41,15.1,1575.3,,AR
5,3011,2,G,3,2013-05-01,1.342,1.45,JPCTB,0.0,0.0,1.2,0.3,0,0.0,,,,,10.8,,2013,590.0,397.0,053011,41,15.1,1575.3,,AR
5,3011,2,G,3,2013-05-01,1.342,1.45,JPCTB,0.0,0.0,1.2,0.3,0,0.0,,,,,10.8,,2013,590.0,397.0,053011,41,15.1,1575.3,,AR
5,3011,2,G,3,2016-05-05,1.484,1.555,JPCTB,,,,,,,,,,,10.8,,2016,920.0,540.0,053011,30,17.3,1277.2,,AR
5,3011,2,G,3,2016-05-05,1.484,1.555,JPCTB,,,,,,,,,,,10.8,,2016,920.0,540.0,053011,30,17.3,1277.2,,AR
5,3011,2,G,3,2016-05-05,1.484,1.555,JPCTB,,,,,,,,,,,10.8,,2016,920.0,540.0,053011,30,17.3,1277.2,,AR
5,3011,2,G,3,2016-05-05,1.431,1.479,JPCTB,,,,,,,,,,,10.8,,2016,920.0,540.0,053011,30,17.3,1277.2,,AR
5,3011,2,G,3,2016-05-05,1.431,1.479,JPCTB,,,,,,,,,,,10.8,,2016,920.0,540.0,053011,30,17.3,1277.2,,AR
5,3011,2,G,3,2016-05-05,1.431,1.479,JPCTB,,,,,,,,,,,10.8,,2016,920.0,540.0,053011,30,17.3,1277.2,,AR
5,3011,2,G,3,2016-05-05,1.374,1.522,JPCTB,,,,,,,,,,,10.8,,2016,920.0,540.0,053011,30,17.3,1277.2,,AR
5,3011,2,G,3,2016-05-05,1.374,1.522,JPCTB,,,,,,,,,,,10.8,,2016,920.0,540.0,053011,30,17.3,1277.2,,AR
5,3011,2,G,3,2016-05-05,1.374,1.522,JPCTB,,,,,,,,,,,10.8,,2016,920.0,540.0,053011,30,17.3,1277.2,,AR
5,3011,2,G,3,2016-05-05,1.346,1.452,JPCTB,,,,,,,,,,,10.8,,2016,920.0,540.0,053011,30,17.3,1277.2,,AR
5,3011,2,G,3,2016-05-05,1.346,1.452,JPCTB,,,,,,,,,,,10.8,,2016,920.0,540.0,053011,30,17.3,1277.2,,AR
5,3011,2,G,3,2016-05-05,1.346,1.452,JPCTB,,,,,,,,,,,10.8,,2016,920.0,540.0,053011,30,17.3,1277.2,,AR
5,3011,2,G,3,2016-05-05,1.304,1.42,JPCTB,,,,,,,,,,,10.8,,2016,920.0,540.0,053011,30,17.3,1277.2,,AR
5,3011,2,G,3,2016-05-05,1.304,1.42,JPCTB,,,,,,,,,,,10.8,,2016,920.0,540.0,053011,30,17.3,1277.2,,AR
5,3011,2,G,3,2016-05-05,1.304,1.42,JPCTB,,,,,,,,,,,10.8,,2016,920.0,540.0,053011,30,17.3,1277.2,,AR
5,3059,1,G,4,1990-08-30,1.65,1.609,JRCP,,,,,,,,,,,9.4,,1990,,,053059,46,17.2,1580.2,1978-10-01,AR
5,3059,1,G,4,1990-08-30,1.661,1.683,JRCP,,,,,,,,,,,9.4,,1990,,,053059,46,17.2,1580.2,1978-10-01,AR
5,3059,1,G,4,1990-08-30,1.668,1.672,JRCP,,,,,,,,,,,9.4,,1990,,,053059,46,17.2,1580.2,1978-10-01,AR
5,3059,1,G,4,1990-08-30,1.645,1.642,JRCP,,,,,,,,,,,9.4,,1990,,,053059,46,17.2,1580.2,1978-10-01,AR
5,3059,1,G,4,1990-08-30,1.65,1.646,JRCP,,,,,,,,,,,9.4,,1990,,,053059,46,17.2,1580.2,1978-10-01,AR
5,3059,1,G,4,1991-01-16,1.72,1.575,JRCP,6.0,,0.0,0.0,2,0.0,,,,,9.4,,1991,,,053059,13,16.9,1198.3,1978-10-01,AR
5,3059,1,G,4,1991-01-16,1.71,1.601,JRCP,6.0,,0.0,0.0,2,0.0,,,,,9.4,,1991,,,053059,13,16.9,1198.3,1978-10-01,AR
5,3059,1,G,4,1991-01-16,1.712,1.568,JRCP,6.0,,0.0,0.0,2,0.0,,,,,9.4,,1991,,,053059,13,16.9,1198.3,1978-10-01,AR
5,3059,1,G,4,1991-01-16,1.7,1.555,JRCP,6.0,,0.0,0.0,2,0.0,,,,,9.4,,1991,,,053059,13,16.9,1198.3,1978-10-01,AR
5,3059,1,G,4,1991-01-16,1.716,1.547,JRCP,6.0,,0.0,0.0,2,0.0,,,,,9.4,,1991,,,053059,13,16.9,1198.3,1978-10-01,AR
5,3059,1,G,4,1993-03-10,1.723,1.747,JRCP,,,,,,,,,,,9.4,,1993,,171.0,053059,17,16.0,1218.9,1978-10-01,AR
5,3059,1,G,4,1993-03-10,1.732,1.729,JRCP,,,,,,,,,,,9.4,,1993,,171.0,053059,17,16.0,1218.9,1978-10-01,AR
5,3059,1,G,4,1993-03-10,1.705,1.728,JRCP,,,,,,,,,,,9.4,,1993,,171.0,053059,17,16.0,1218.9,1978-10-01,AR
5,3059,1,G,4,1993-03-10,1.731,1.744,JRCP,,,,,,,,,,,9.4,,1993,,171.0,053059,17,16.0,1218.9,1978-10-01,AR
5,3059,1,G,4,1993-03-10,1.746,1.762,JRCP,,,,,,,,,,,9.4,,1993,,171.0,053059,17,16.0,1218.9,1978-10-01,AR
5,3059,1,G,4,1994-09-29,1.83,1.812,JRCP,3.0,,0.0,0.1,1,0.0,,,,,9.4,,1994,,,053059,35,16.6,1505.8,1978-10-01,AR
5,3059,1,G,4,1994-09-29,1.805,1.791,JRCP,3.0,,0.0,0.1,1,0.0,,,,,9.4,,1994,,,053059,35,16.6,1505.8,1978-10-01,AR
5,3059,1,G,4,1994-09-29,1.842,1.826,JRCP,3.0,,0.0,0.1,1,0.0,,,,,9.4,,1994,,,053059,35,16.6,1505.8,1978-10-01,AR
5,3059,1,G,4,1994-09-29,1.826,1.814,JRCP,3.0,,0.0,0.1,1,0.0,,,,,9.4,,1994,,,053059,35,16.6,1505.8,1978-10-01,AR
5,3059,1,G,4,1994-09-29,1.822,1.829,JRCP,3.0,,0.0,0.1,1,0.0,,,,,9.4,,1994,,,053059,35,16.6,1505.8,1978-10-01,AR
5,3059,1,G,4,1997-02-09,1.443,1.7,JRCP,6.0,,0.4,0.0,3,0.0,,,,,9.4,,1997,,222.0,053059,50,16.0,1059.1,1978-10-01,AR
5,3059,1,G,4,1997-02-09,1.448,1.618,JRCP,6.0,,0.4,0.0,3,0.0,,,,,9.4,,1997,,222.0,053059,50,16.0,1059.1,1978-10-01,AR
5,3059,1,G,4,1997-02-09,1.447,1.67,JRCP,6.0,,0.4,0.0,3,0.0,,,,,9.4,,1997,,222.0,053059,50,16.0,1059.1,1978-10-01,AR
5,3059,1,G,4,1997-02-09,1.436,1.648,JRCP,6.0,,0.4,0.0,3,0.0,,,,,9.4,,1997,,222.0,053059,50,16.0,1059.1,1978-10-01,AR
5,3059,1,G,4,1997-02-09,1.484,1.673,JRCP,6.0,,0.4,0.0,3,0.0,,,,,9.4,,1997,,222.0,053059,50,16.0,1059.1,1978-10-01,AR
5,3059,1,G,4,1999-07-29,1.898,1.881,JRCP,,,,,,,,,,,9.4,,1999,,447.0,053059,21,17.5,1129.6,1978-10-01,AR
5,3059,1,G,4,1999-07-29,1.879,1.901,JRCP,,,,,,,,,,,9.4,,1999,,447.0,053059,21,17.5,1129.6,1978-10-01,AR
5,3059,1,G,4,1999-07-29,1.881,1.879,JRCP,,,,,,,,,,,9.4,,1999,,447.0,053059,21,17.5,1129.6,1978-10-01,AR
5,3059,1,G,4,1999-07-29,1.866,1.953,JRCP,,,,,,,,,,,9.4,,1999,,447.0,053059,21,17.5,1129.6,1978-10-01,AR
5,3059,1,G,4,1999-07-29,1.867,1.922,JRCP,,,,,,,,,,,9.4,,1999,,447.0,053059,21,17.5,1129.6,1978-10-01,AR
5,3059,1,G,4,2001-05-12,1.807,1.9,JRCP,6.0,,0.0,0.0,2,0.0,,,,,9.4,,2001,,19.0,053059,31,17.0,1044.3,1978-10-01,AR
5,3059,1,G,4,2001-05-12,1.787,1.846,JRCP,6.0,,0.0,0.0,2,0.0,,,,,9.4,,2001,,19.0,053059,31,17.0,1044.3,1978-10-01,AR
5,3059,1,G,4,2001-05-12,1.801,1.87,JRCP,6.0,,0.0,0.0,2,0.0,,,,,9.4,,2001,,19.0,053059,31,17.0,1044.3,1978-10-01,AR
5,3059,1,G,4,2001-05-12,1.786,1.871,JRCP,6.0,,0.0,0.0,2,0.0,,,,,9.4,,2001,,19.0,053059,31,17.0,1044.3,1978-10-01,AR
5,3059,1,G,4,2001-05-12,1.792,1.905,JRCP,6.0,,0.0,0.0,2,0.0,,,,,9.4,,2001,,19.0,053059,31,17.0,1044.3,1978-10-01,AR
5,3073,1,G,4,1990-11-19,1.993,1.797,JRCP,0.0,,0.2,0.5,0,0.0,,,,,9.1,,1990,,,053073,28,17.7,1636.9,1965-01-01,AR
5,3073,1,G,4,1990-11-19,1.974,1.827,JRCP,0.0,,0.2,0.5,0,0.0,,,,,9.1,,1990,,,053073,28,17.7,1636.9,1965-01-01,AR
5,3073,1,G,4,1990-11-19,1.991,1.824,JRCP,0.0,,0.2,0.5,0,0.0,,,,,9.1,,1990,,,053073,28,17.7,1636.9,1965-01-01,AR
5,3073,1,G,4,1990-11-19,1.984,1.81,JRCP,0.0,,0.2,0.5,0,0.0,,,,,9.1,,1990,,,053073,28,17.7,1636.9,1965-01-01,AR
5,3073,1,G,4,1990-11-19,1.971,1.819,JRCP,0.0,,0.2,0.5,0,0.0,,,,,9.1,,1990,,,053073,28,17.7,1636.9,1965-01-01,AR
5,3073,1,G,4,1991-08-02,2.095,1.991,JRCP,0.0,,0.2,0.5,0,0.0,,,,,9.1,,1991,,,053073,14,17.5,1488.0,1965-01-01,AR
5,3073,1,G,4,1991-08-02,2.095,1.967,JRCP,0.0,,0.2,0.5,0,0.0,,,,,9.1,,1991,,,053073,14,17.5,1488.0,1965-01-01,AR
5,3073,1,G,4,1991-08-02,2.092,1.977,JRCP,0.0,,0.2,0.5,0,0.0,,,,,9.1,,1991,,,053073,14,17.5,1488.0,1965-01-01,AR
5,3073,1,G,4,1991-08-02,2.088,1.962,JRCP,0.0,,0.2,0.5,0,0.0,,,,,9.1,,1991,,,053073,14,17.5,1488.0,1965-01-01,AR
5,3073,1,G,4,1991-08-02,2.117,1.996,JRCP,0.0,,0.2,0.5,0,0.0,,,,,9.1,,1991,,,053073,14,17.5,1488.0,1965-01-01,AR
5,3073,2,G,4,1993-09-10,2.01,2.008,JRCP,,,,,,,,,,,9.1,,1993,,,053073,13,16.4,1194.6,,AR
5,3073,2,G,4,1993-09-10,2.035,2.003,JRCP,,,,,,,,,,,9.1,,1993,,,053073,13,16.4,1194.6,,AR
5,3073,2,G,4,1993-09-10,1.987,1.962,JRCP,,,,,,,,,,,9.1,,1993,,,053073,13,16.4,1194.6,,AR
5,3073,2,G,4,1993-09-10,2.032,1.962,JRCP,,,,,,,,,,,9.1,,1993,,,053073,13,16.4,1194.6,,AR
5,3073,2,G,4,1993-09-10,2.008,1.982,JRCP,,,,,,,,,,,9.1,,1993,,,053073,13,16.4,1194.6,,AR
5,3073,2,G,4,1994-09-23,2.021,1.931,JRCP,0.0,,2.0,0.7,0,0.0,,,,,9.1,,1994,,,053073,38,16.9,1392.1,,AR
5,3073,2,G,4,1994-09-23,2.017,1.928,JRCP,0.0,,2.0,0.7,0,0.0,,,,,9.1,,1994,,,053073,38,16.9,1392.1,,AR
5,3073,2,G,4,1994-09-23,1.947,1.915,JRCP,0.0,,2.0,0.7,0,0.0,,,,,9.1,,1994,,,053073,38,16.9,1392.1,,AR
5,3073,2,G,4,1994-09-23,1.952,1.926,JRCP,0.0,,2.0,0.7,0,0.0,,,,,9.1,,1994,,,053073,38,16.9,1392.1,,AR
5,3073,2,G,4,1994-09-23,1.992,1.936,JRCP,0.0,,2.0,0.7,0,0.0,,,,,9.1,,1994,,,053073,38,16.9,1392.1,,AR
5,3073,2,G,4,1998-03-18,1.991,2.024,JRCP,0.0,,1.2,1.4,0,0.0,,,,,9.1,,1998,,,053073,20,18.7,1045.3,,AR
5,3073,2,G,4,1998-03-18,1.982,2.021,JRCP,0.0,,1.2,1.4,0,0.0,,,,,9.1,,1998,,,053073,20,18.7,1045.3,,AR
5,3073,2,G,4,1998-03-18,1.991,2.01,JRCP,0.0,,1.2,1.4,0,0.0,,,,,9.1,,1998,,,053073,20,18.7,1045.3,,AR
5,3073,2,G,4,1998-03-18,1.931,2.002,JRCP,0.0,,1.2,1.4,0,0.0,,,,,9.1,,1998,,,053073,20,18.7,1045.3,,AR
5,3073,2,G,4,1998-03-18,1.975,2.002,JRCP,0.0,,1.2,1.4,0,0.0,,,,,9.1,,1998,,,053073,20,18.7,1045.3,,AR
5,3074,1,G,4,1990-05-24,1.83,1.964,JRCP,,,,,,,,,,,10.1,15.0,1990,,,053074,24,17.0,1699.5,1966-09-01,AR
5,3074,1,G,4,1990-05-24,1.814,1.956,JRCP,,,,,,,,,,,10.1,15.0,1990,,,053074,24,17.0,1699.5,1966-09-01,AR
5,3074,1,G,4,1990-05-24,1.846,1.956,JRCP,,,,,,,,,,,10.1,15.0,1990,,,053074,24,17.0,1699.5,1966-09-01,AR
5,3074,1,G,4,1990-05-24,1.83,1.958,JRCP,,,,,,,,,,,10.1,15.0,1990,,,053074,24,17.0,1699.5,1966-09-01,AR
5,3074,1,G,4,1990-05-24,1.834,1.967,JRCP,,,,,,,,,,,10.1,15.0,1990,,,053074,24,17.0,1699.5,1966-09-01,AR
5,3074,1,G,4,1993-09-09,2.279,2.315,JRCP,,,,,,,,,,,10.1,15.0,1993,,1469.0,053074,13,15.6,1185.9,1966-09-01,AR
5,3074,1,G,4,1993-09-09,2.274,2.309,JRCP,,,,,,,,,,,10.1,15.0,1993,,1469.0,053074,13,15.6,1185.9,1966-09-01,AR
5,3074,1,G,4,1993-09-09,2.25,2.305,JRCP,,,,,,,,,,,10.1,15.0,1993,,1469.0,053074,13,15.6,1185.9,1966-09-01,AR
5,3074,1,G,4,1993-09-09,2.226,2.406,JRCP,,,,,,,,,,,10.1,15.0,1993,,1469.0,053074,13,15.6,1185.9,1966-09-01,AR
5,3074,1,G,4,1993-09-09,2.292,2.307,JRCP,,,,,,,,,,,10.1,15.0,1993,,1469.0,053074,13,15.6,1185.9,1966-09-01,AR
5,3074,1,G,4,1994-09-22,2.399,2.502,JRCP,9.0,,2.7,0.0,6,0.0,,,,,10.1,15.0,1994,2390.0,1960.0,053074,52,16.0,1257.1,1966-09-01,AR
5,3074,1,G,4,1994-09-22,2.399,2.502,JRCP,9.0,,2.7,0.0,6,0.0,,,,,10.1,15.0,1994,2390.0,1960.0,053074,52,16.0,1257.1,1966-09-01,AR
5,3074,1,G,4,1994-09-22,2.419,2.521,JRCP,9.0,,2.7,0.0,6,0.0,,,,,10.1,15.0,1994,2390.0,1960.0,053074,52,16.0,1257.1,1966-09-01,AR
5,3074,1,G,4,1994-09-22,2.419,2.521,JRCP,9.0,,2.7,0.0,6,0.0,,,,,10.1,15.0,1994,2390.0,1960.0,053074,52,16.0,1257.1,1966-09-01,AR
5,3074,1,G,4,1994-09-22,2.411,2.522,JRCP,9.0,,2.7,0.0,6,0.0,,,,,10.1,15.0,1994,2390.0,1960.0,053074,52,16.0,1257.1,1966-09-01,AR
5,3074,1,G,4,1994-09-22,2.411,2.522,JRCP,9.0,,2.7,0.0,6,0.0,,,,,10.1,15.0,1994,2390.0,1960.0,053074,52,16.0,1257.1,1966-09-01,AR
5,3074,1,G,4,1994-09-22,2.408,2.515,JRCP,9.0,,2.7,0.0,6,0.0,,,,,10.1,15.0,1994,2390.0,1960.0,053074,52,16.0,1257.1,1966-09-01,AR
5,3074,1,G,4,1994-09-22,2.408,2.515,JRCP,9.0,,2.7,0.0,6,0.0,,,,,10.1,15.0,1994,2390.0,1960.0,053074,52,16.0,1257.1,1966-09-01,AR
5,3074,1,G,4,1994-09-22,2.432,2.53,JRCP,9.0,,2.7,0.0,6,0.0,,,,,10.1,15.0,1994,2390.0,1960.0,053074,52,16.0,1257.1,1966-09-01,AR
5,3074,1,G,4,1994-09-22,2.432,2.53,JRCP,9.0,,2.7,0.0,6,0.0,,,,,10.1,15.0,1994,2390.0,1960.0,053074,52,16.0,1257.1,1966-09-01,AR
5,3074,2,G,4,1998-03-20,2.749,2.964,JRCP,18.0,,,0.0,9,0.0,,,,,10.1,,1998,,,053074,25,17.7,1001.0,,AR
5,3074,2,G,4,1998-03-20,2.749,2.948,JRCP,18.0,,,0.0,9,0.0,,,,,10.1,,1998,,,053074,25,17.7,1001.0,,AR
5,3074,2,G,4,1998-03-20,2.729,2.935,JRCP,18.0,,,0.0,9,0.0,,,,,10.1,,1998,,,053074,25,17.7,1001.0,,AR
5,3074,2,G,4,1998-03-20,2.731,2.934,JRCP,18.0,,,0.0,9,0.0,,,,,10.1,,1998,,,053074,25,17.7,1001.0,,AR
5,3074,2,G,4,1998-03-20,2.731,2.965,JRCP,18.0,,,0.0,9,0.0,,,,,10.1,,1998,,,053074,25,17.7,1001.0,,AR
5,3074,2,G,4,2001-01-23,3.068,3.286,JRCP,21.0,,6.3,0.0,13,0.0,,,,,10.1,,2001,,,053074,36,16.5,1392.5,,AR
5,3074,2,G,4,2001-01-23,3.06,3.298,JRCP,21.0,,6.3,0.0,13,0.0,,,,,10.1,,2001,,,053074,36,16.5,1392.5,,AR
5,3074,2,G,4,2001-01-23,3.054,3.295,JRCP,21.0,,6.3,0.0,13,0.0,,,,,10.1,,2001,,,053074,36,16.5,1392.5,,AR
5,3074,2,G,4,2001-01-23,3.063,3.286,JRCP,21.0,,6.3,0.0,13,0.0,,,,,10.1,,2001,,,053074,36,16.5,1392.5,,AR
5,3074,2,G,4,2001-01-23,3.079,3.296,JRCP,21.0,,6.3,0.0,13,0.0,,,,,10.1,,2001,,,053074,36,16.5,1392.5,,AR
5,4019,1,G,4,1994-09-21,1.631,1.69,JRCP,0.0,,0.3,4.1,0,0.0,,,,,9.5,,1994,,,054019,26,17.1,1396.3,1973-03-01,AR
5,4019,1,G,4,1994-09-21,1.652,1.701,JRCP,0.0,,0.3,4.1,0,0.0,,,,,9.5,,1994,,,054019,26,17.1,1396.3,1973-03-01,AR
5,4019,1,G,4,1994-09-21,1.653,1.705,JRCP,0.0,,0.3,4.1,0,0.0,,,,,9.5,,1994,,,054019,26,17.1,1396.3,1973-03-01,AR
5,4019,1,G,4,1994-09-21,1.611,1.723,JRCP,0.0,,0.3,4.1,0,0.0,,,,,9.5,,1994,,,054019,26,17.1,1396.3,1973-03-01,AR
5,4019,1,G,4,1994-09-21,1.608,1.71,JRCP,0.0,,0.3,4.1,0,0.0,,,,,9.5,,1994,,,054019,26,17.1,1396.3,1973-03-01,AR
5,4019,1,G,4,1997-02-04,1.539,1.692,JRCP,0.0,,0.5,4.2,0,0.0,,,,,9.5,,1997,,889.0,054019,31,16.7,1396.9,1973-03-01,AR
5,4019,1,G,4,1997-02-04,1.515,1.758,JRCP,0.0,,0.5,4.2,0,0.0,,,,,9.5,,1997,,889.0,054019,31,16.7,1396.9,1973-03-01,AR
5,4019,1,G,4,1997-02-04,1.545,1.726,JRCP,0.0,,0.5,4.2,0,0.0,,,,,9.5,,1997,,889.0,054019,31,16.7,1396.9,1973-03-01,AR
5,4019,1,G,4,1997-02-04,1.513,1.661,JRCP,0.0,,0.5,4.2,0,0.0,,,,,9.5,,1997,,889.0,054019,31,16.7,1396.9,1973-03-01,AR
5,4019,1,G,4,1997-02-04,1.496,1.66,JRCP,0.0,,0.5,4.2,0,0.0,,,,,9.5,,1997,,889.0,054019,31,16.7,1396.9,1973-03-01,AR
5,4019,1,G,4,1999-07-26,1.722,1.837,JRCP,0.0,,-0.2,4.0,0,0.0,,,,,9.5,,1999,,,054019,14,18.0,1026.6,1973-03-01,AR
5,4019,1,G,4,1999-07-26,1.696,1.868,JRCP,0.0,,-0.2,4.0,0,0.0,,,,,9.5,,1999,,,054019,14,18.0,1026.6,1973-03-01,AR
5,4019,1,G,4,1999-07-26,1.677,1.881,JRCP,0.0,,-0.2,4.0,0,0.0,,,,,9.5,,1999,,,054019,14,18.0,1026.6,1973-03-01,AR
5,4019,1,G,4,1999-07-26,1.697,1.867,JRCP,0.0,,-0.2,4.0,0,0.0,,,,,9.5,,1999,,,054019,14,18.0,1026.6,1973-03-01,AR
5,4019,1,G,4,1999-07-26,1.723,1.865,JRCP,0.0,,-0.2,4.0,0,0.0,,,,,9.5,,1999,,,054019,14,18.0,1026.6,1973-03-01,AR
5,4019,1,G,4,2001-05-14,1.721,1.797,JRCP,0.0,,-0.2,4.0,0,0.0,,,,,9.5,,2001,,,054019,28,17.2,1445.1,1973-03-01,AR
5,4019,1,G,4,2001-05-14,1.692,1.811,JRCP,0.0,,-0.2,4.0,0,0.0,,,,,9.5,,2001,,,054019,28,17.2,1445.1,1973-03-01,AR
5,4019,1,G,4,2001-05-14,1.719,1.797,JRCP,0.0,,-0.2,4.0,0,0.0,,,,,9.5,,2001,,,054019,28,17.2,1445.1,1973-03-01,AR
5,4019,1,G,4,2001-05-14,1.692,1.775,JRCP,0.0,,-0.2,4.0,0,0.0,,,,,9.5,,2001,,,054019,28,17.2,1445.1,1973-03-01,AR
5,4019,1,G,4,2001-05-14,1.767,1.772,JRCP,0.0,,-0.2,4.0,0,0.0,,,,,9.5,,2001,,,054019,28,17.2,1445.1,1973-03-01,AR
5,4019,1,G,4,2003-04-09,1.557,1.643,JRCP,0.0,,0.6,5.7,0,0.0,,,,,9.5,,2003,,,054019,24,16.7,1050.1,1973-03-01,AR
5,4019,1,G,4,2003-04-09,1.576,1.652,JRCP,0.0,,0.6,5.7,0,0.0,,,,,9.5,,2003,,,054019,24,16.7,1050.1,1973-03-01,AR
5,4019,1,G,4,2003-04-09,1.537,1.649,JRCP,0.0,,0.6,5.7,0,0.0,,,,,9.5,,2003,,,054019,24,16.7,1050.1,1973-03-01,AR
5,4019,1,G,4,2003-04-09,1.604,1.67,JRCP,0.0,,0.6,5.7,0,0.0,,,,,9.5,,2003,,,054019,24,16.7,1050.1,1973-03-01,AR
5,4019,1,G,4,2003-04-09,1.551,1.642,JRCP,0.0,,0.6,5.7,0,0.0,,,,,9.5,,2003,,,054019,24,16.7,1050.1,1973-03-01,AR
5,4019,1,G,4,2005-03-31,1.718,1.76,JRCP,,,,,,,,,,,9.5,,2005,,,054019,11,18.0,964.8,1973-03-01,AR
5,4019,1,G,4,2005-03-31,1.689,1.803,JRCP,,,,,,,,,,,9.5,,2005,,,054019,11,18.0,964.8,1973-03-01,AR
5,4019,1,G,4,2005-03-31,1.714,1.77,JRCP,,,,,,,,,,,9.5,,2005,,,054019,11,18.0,964.8,1973-03-01,AR
5,4019,1,G,4,2005-03-31,1.714,1.798,JRCP,,,,,,,,,,,9.5,,2005,,,054019,11,18.0,964.8,1973-03-01,AR
5,4019,1,G,4,2005-03-31,1.635,1.81,JRCP,,,,,,,,,,,9.5,,2005,,,054019,11,18.0,964.8,1973-03-01,AR
5,4019,1,G,4,1990-11-16,1.791,1.626,JRCP,0.0,,,0.7,0,0.0,,,,,9.5,,1990,,,054019,17,18.0,1798.5,1973-03-01,AR
5,4019,1,G,4,1990-11-16,1.74,1.655,JRCP,0.0,,,0.7,0,0.0,,,,,9.5,,1990,,,054019,17,18.0,1798.5,1973-03-01,AR
5,4019,1,G,4,1990-11-16,1.792,1.633,JRCP,0.0,,,0.7,0,0.0,,,,,9.5,,1990,,,054019,17,18.0,1798.5,1973-03-01,AR
5,4019,1,G,4,1990-11-16,1.8,1.611,JRCP,0.0,,,0.7,0,0.0,,,,,9.5,,1990,,,054019,17,18.0,1798.5,1973-03-01,AR
5,4019,1,G,4,1990-11-16,1.775,1.628,JRCP,0.0,,,0.7,0,0.0,,,,,9.5,,1990,,,054019,17,18.0,1798.5,1973-03-01,AR
5,4019,1,G,4,1991-08-14,1.786,1.724,JRCP,0.0,,,0.7,0,0.0,,,,,9.5,,1991,,,054019,6,17.6,1637.9,1973-03-01,AR
5,4019,1,G,4,1991-08-14,1.805,1.712,JRCP,0.0,,,0.7,0,0.0,,,,,9.5,,1991,,,054019,6,17.6,1637.9,1973-03-01,AR
5,4019,1,G,4,1991-08-14,1.809,1.711,JRCP,0.0,,,0.7,0,0.0,,,,,9.5,,1991,,,054019,6,17.6,1637.9,1973-03-01,AR
5,4019,1,G,4,1991-08-14,1.739,1.719,JRCP,0.0,,,0.7,0,0.0,,,,,9.5,,1991,,,054019,6,17.6,1637.9,1973-03-01,AR
5,4019,1,G,4,1991-08-14,1.769,1.704,JRCP,0.0,,,0.7,0,0.0,,,,,9.5,,1991,,,054019,6,17.6,1637.9,1973-03-01,AR
5,4019,1,G,4,1993-02-22,1.64,1.629,JRCP,,,,,,,,,,,9.5,,1993,800.0,,054019,5,16.6,1206.3,1973-03-01,AR
5,4019,1,G,4,1993-02-22,1.64,1.629,JRCP,,,,,,,,,,,9.5,,1993,800.0,,054019,5,16.6,1206.3,1973-03-01,AR
5,4019,1,G,4,1993-02-22,1.639,1.62,JRCP,,,,,,,,,,,9.5,,1993,800.0,,054019,5,16.6,1206.3,1973-03-01,AR
5,4019,1,G,4,1993-02-22,1.639,1.62,JRCP,,,,,,,,,,,9.5,,1993,800.0,,054019,5,16.6,1206.3,1973-03-01,AR
5,4019,1,G,4,1993-02-22,1.634,1.61,JRCP,,,,,,,,,,,9.5,,1993,800.0,,054019,5,16.6,1206.3,1973-03-01,AR
5,4019,1,G,4,1993-02-22,1.634,1.61,JRCP,,,,,,,,,,,9.5,,1993,800.0,,054019,5,16.6,1206.3,1973-03-01,AR
5,4019,1,G,4,1993-02-22,1.62,1.604,JRCP,,,,,,,,,,,9.5,,1993,800.0,,054019,5,16.6,1206.3,1973-03-01,AR
5,4019,1,G,4,1993-02-22,1.62,1.604,JRCP,,,,,,,,,,,9.5,,1993,800.0,,054019,5,16.6,1206.3,1973-03-01,AR
5,4019,1,G,4,1993-02-22,1.61,1.605,JRCP,,,,,,,,,,,9.5,,1993,800.0,,054019,5,16.6,1206.3,1973-03-01,AR
5,4019,1,G,4,1993-02-22,1.61,1.605,JRCP,,,,,,,,,,,9.5,,1993,800.0,,054019,5,16.6,1206.3,1973-03-01,AR
5,4019,2,G,4,2006-03-01,1.66,1.768,JRCP,0.0,,0.2,0.0,0,0.0,,,,,9.5,,2006,,,054019,16,18.0,1177.7,,AR
5,4019,2,G,4,2006-03-01,1.674,1.759,JRCP,0.0,,0.2,0.0,0,0.0,,,,,9.5,,2006,,,054019,16,18.0,1177.7,,AR
5,4019,2,G,4,2006-03-01,1.705,1.725,JRCP,0.0,,0.2,0.0,0,0.0,,,,,9.5,,2006,,,054019,16,18.0,1177.7,,AR
5,4019,2,G,4,2006-03-01,1.702,1.728,JRCP,0.0,,0.2,0.0,0,0.0,,,,,9.5,,2006,,,054019,16,18.0,1177.7,,AR
5,4019,2,G,4,2006-03-01,1.716,1.707,JRCP,0.0,,0.2,0.0,0,0.0,,,,,9.5,,2006,,,054019,16,18.0,1177.7,,AR
5,4019,2,G,4,2011-03-09,1.71,1.76,JRCP,,,,,,,,,,,9.5,,2011,,,054019,43,17.8,1306.6,,AR
5,4019,2,G,4,2011-03-09,1.74,1.844,JRCP,,,,,,,,,,,9.5,,2011,,,054019,43,17.8,1306.6,,AR
5,4019,2,G,4,2011-03-09,1.681,1.791,JRCP,,,,,,,,,,,9.5,,2011,,,054019,43,17.8,1306.6,,AR
5,4019,2,G,4,2011-03-09,1.675,1.816,JRCP,,,,,,,,,,,9.5,,2011,,,054019,43,17.8,1306.6,,AR
5,4019,2,G,4,2011-03-09,1.702,1.797,JRCP,,,,,,,,,,,9.5,,2011,,,054019,43,17.8,1306.6,,AR
5,4019,2,G,4,2016-05-06,1.774,1.825,JRCP,,,,,,,,,,,9.5,,2016,1230.0,580.0,054019,7,18.1,1391.4,,AR
5,4019,2,G,4,2016-05-06,1.774,1.825,JRCP,,,,,,,,,,,9.5,,2016,1230.0,580.0,054019,7,18.1,1391.4,,AR
5,4019,2,G,4,2016-05-06,1.848,1.821,JRCP,,,,,,,,,,,9.5,,2016,1230.0,580.0,054019,7,18.1,1391.4,,AR
5,4019,2,G,4,2016-05-06,1.848,1.821,JRCP,,,,,,,,,,,9.5,,2016,1230.0,580.0,054019,7,18.1,1391.4,,AR
5,4019,2,G,4,2016-05-06,1.835,1.815,JRCP,,,,,,,,,,,9.5,,2016,1230.0,580.0,054019,7,18.1,1391.4,,AR
5,4019,2,G,4,2016-05-06,1.835,1.815,JRCP,,,,,,,,,,,9.5,,2016,1230.0,580.0,054019,7,18.1,1391.4,,AR
5,4019,2,G,4,2016-05-06,1.811,1.801,JRCP,,,,,,,,,,,9.5,,2016,1230.0,580.0,054019,7,18.1,1391.4,,AR
5,4019,2,G,4,2016-05-06,1.811,1.801,JRCP,,,,,,,,,,,9.5,,2016,1230.0,580.0,054019,7,18.1,1391.4,,AR
5,4019,2,G,4,2016-05-06,1.788,1.798,JRCP,,,,,,,,,,,9.5,,2016,1230.0,580.0,054019,7,18.1,1391.4,,AR
5,4019,2,G,4,2016-05-06,1.788,1.798,JRCP,,,,,,,,,,,9.5,,2016,1230.0,580.0,054019,7,18.1,1391.4,,AR
5,4021,1,G,4,1990-11-19,1.824,1.828,JRCP,9.0,,,0.0,5,0.0,,,,,9.7,,1990,,,054021,29,17.2,1731.6,1970-10-01,AR
5,4021,1,G,4,1990-11-19,1.829,1.829,JRCP,9.0,,,0.0,5,0.0,,,,,9.7,,1990,,,054021,29,17.2,1731.6,1970-10-01,AR
5,4021,1,G,4,1990-11-19,1.849,1.873,JRCP,9.0,,,0.0,5,0.0,,,,,9.7,,1990,,,054021,29,17.2,1731.6,1970-10-01,AR
5,4021,1,G,4,1990-11-19,1.831,1.82,JRCP,9.0,,,0.0,5,0.0,,,,,9.7,,1990,,,054021,29,17.2,1731.6,1970-10-01,AR
5,4021,1,G,4,1990-11-19,1.833,1.814,JRCP,9.0,,,0.0,5,0.0,,,,,9.7,,1990,,,054021,29,17.2,1731.6,1970-10-01,AR
5,4021,1,G,4,1991-08-14,1.855,1.94,JRCP,9.0,,,0.0,3,0.0,,,,,9.7,,1991,,,054021,18,16.9,1629.9,1970-10-01,AR
5,4021,1,G,4,1991-08-14,1.886,1.95,JRCP,9.0,,,0.0,3,0.0,,,,,9.7,,1991,,,054021,18,16.9,1629.9,1970-10-01,AR
5,4021,1,G,4,1991-08-14,1.846,1.967,JRCP,9.0,,,0.0,3,0.0,,,,,9.7,,1991,,,054021,18,16.9,1629.9,1970-10-01,AR
5,4021,1,G,4,1991-08-14,1.87,1.992,JRCP,9.0,,,0.0,3,0.0,,,,,9.7,,1991,,,054021,18,16.9,1629.9,1970-10-01,AR
5,4021,1,G,4,1991-08-14,1.868,1.93,JRCP,9.0,,,0.0,3,0.0,,,,,9.7,,1991,,,054021,18,16.9,1629.9,1970-10-01,AR
5,4021,1,G,4,1993-02-22,1.753,1.972,JRCP,,,,,,,,,,,9.7,,1993,830.0,311.0,054021,20,15.1,1265.2,1970-10-01,AR
5,4021,1,G,4,1993-02-22,1.753,1.972,JRCP,,,,,,,,,,,9.7,,1993,830.0,311.0,054021,20,15.1,1265.2,1970-10-01,AR
5,4021,1,G,4,1993-02-22,1.774,1.962,JRCP,,,,,,,,,,,9.7,,1993,830.0,311.0,054021,20,15.1,1265.2,1970-10-01,AR
5,4021,1,G,4,1993-02-22,1.774,1.962,JRCP,,,,,,,,,,,9.7,,1993,830.0,311.0,054021,20,15.1,1265.2,1970-10-01,AR
5,4021,1,G,4,1993-02-22,1.765,1.951,JRCP,,,,,,,,,,,9.7,,1993,830.0,311.0,054021,20,15.1,1265.2,1970-10-01,AR
5,4021,1,G,4,1993-02-22,1.765,1.951,JRCP,,,,,,,,,,,9.7,,1993,830.0,311.0,054021,20,15.1,1265.2,1970-10-01,AR
5,4021,1,G,4,1993-02-22,1.755,1.932,JRCP,,,,,,,,,,,9.7,,1993,830.0,311.0,054021,20,15.1,1265.2,1970-10-01,AR
5,4021,1,G,4,1993-02-22,1.755,1.932,JRCP,,,,,,,,,,,9.7,,1993,830.0,311.0,054021,20,15.1,1265.2,1970-10-01,AR
5,4021,1,G,4,1993-02-22,1.772,1.918,JRCP,,,,,,,,,,,9.7,,1993,830.0,311.0,054021,20,15.1,1265.2,1970-10-01,AR
5,4021,1,G,4,1993-02-22,1.772,1.918,JRCP,,,,,,,,,,,9.7,,1993,830.0,311.0,054021,20,15.1,1265.2,1970-10-01,AR
5,4021,1,G,4,1994-09-26,1.814,1.987,JRCP,9.0,,,0.0,4,0.0,,,,,9.7,,1994,890.0,377.0,054021,57,15.0,1542.1,1970-10-01,AR
5,4021,1,G,4,1994-09-26,1.814,1.987,JRCP,9.0,,,0.0,4,0.0,,,,,9.7,,1994,890.0,377.0,054021,57,15.0,1542.1,1970-10-01,AR
5,4021,1,G,4,1994-09-26,1.8,1.917,JRCP,9.0,,,0.0,4,0.0,,,,,9.7,,1994,890.0,377.0,054021,57,15.0,1542.1,1970-10-01,AR
5,4021,1,G,4,1994-09-26,1.8,1.917,JRCP,9.0,,,0.0,4,0.0,,,,,9.7,,1994,890.0,377.0,054021,57,15.0,1542.1,1970-10-01,AR
5,4021,1,G,4,1994-09-26,1.811,1.947,JRCP,9.0,,,0.0,4,0.0,,,,,9.7,,1994,890.0,377.0,054021,57,15.0,1542.1,1970-10-01,AR
5,4021,1,G,4,1994-09-26,1.811,1.947,JRCP,9.0,,,0.0,4,0.0,,,,,9.7,,1994,890.0,377.0,054021,57,15.0,1542.1,1970-10-01,AR
5,4021,1,G,4,1994-09-26,1.783,1.951,JRCP,9.0,,,0.0,4,0.0,,,,,9.7,,1994,890.0,377.0,054021,57,15.0,1542.1,1970-10-01,AR
5,4021,1,G,4,1994-09-26,1.783,1.951,JRCP,9.0,,,0.0,4,0.0,,,,,9.7,,1994,890.0,377.0,054021,57,15.0,1542.1,1970-10-01,AR
5,4021,1,G,4,1994-09-26,1.812,1.942,JRCP,9.0,,,0.0,4,0.0,,,,,9.7,,1994,890.0,377.0,054021,57,15.0,1542.1,1970-10-01,AR
5,4021,1,G,4,1994-09-26,1.812,1.942,JRCP,9.0,,,0.0,4,0.0,,,,,9.7,,1994,890.0,377.0,054021,57,15.0,1542.1,1970-10-01,AR
5,4021,1,G,4,1997-02-09,1.666,2.176,JRCP,,,,,,,,,,,9.7,,1997,,,054021,66,13.7,1377.3,1970-10-01,AR
5,4021,1,G,4,1997-02-09,1.655,2.155,JRCP,,,,,,,,,,,9.7,,1997,,,054021,66,13.7,1377.3,1970-10-01,AR
5,4021,1,G,4,1997-02-09,1.655,2.082,JRCP,,,,,,,,,,,9.7,,1997,,,054021,66,13.7,1377.3,1970-10-01,AR
5,4021,1,G,4,1997-02-09,1.66,2.169,JRCP,,,,,,,,,,,9.7,,1997,,,054021,66,13.7,1377.3,1970-10-01,AR
5,4021,1,G,4,1997-02-09,1.654,2.166,JRCP,,,,,,,,,,,9.7,,1997,,,054021,66,13.7,1377.3,1970-10-01,AR
5,4021,1,G,4,1999-07-21,2.047,2.291,JRCP,,,,,,,,,,,9.7,,1999,,,054021,20,17.1,1072.1,1970-10-01,AR
5,4021,1,G,4,1999-07-21,2.054,2.328,JRCP,,,,,,,,,,,9.7,,1999,,,054021,20,17.1,1072.1,1970-10-01,AR
5,4021,1,G,4,1999-07-21,2.073,2.303,JRCP,,,,,,,,,,,9.7,,1999,,,054021,20,17.1,1072.1,1970-10-01,AR
5,4021,1,G,4,1999-07-21,2.052,2.323,JRCP,,,,,,,,,,,9.7,,1999,,,054021,20,17.1,1072.1,1970-10-01,AR
5,4021,1,G,4,1999-07-21,2.04,2.319,JRCP,,,,,,,,,,,9.7,,1999,,,054021,20,17.1,1072.1,1970-10-01,AR
5,4021,1,G,4,2001-05-14,2.22,2.497,JRCP,6.0,,0.0,3.0,3,0.0,,,,,9.7,,2001,,803.0,054021,26,16.9,1187.7,1970-10-01,AR
5,4021,1,G,4,2001-05-14,2.22,2.508,JRCP,6.0,,0.0,3.0,3,0.0,,,,,9.7,,2001,,803.0,054021,26,16.9,1187.7,1970-10-01,AR
5,4021,1,G,4,2001-05-14,2.236,2.538,JRCP,6.0,,0.0,3.0,3,0.0,,,,,9.7,,2001,,803.0,054021,26,16.9,1187.7,1970-10-01,AR
5,4021,1,G,4,2001-05-14,2.243,2.518,JRCP,6.0,,0.0,3.0,3,0.0,,,,,9.7,,2001,,803.0,054021,26,16.9,1187.7,1970-10-01,AR
5,4021,1,G,4,2001-05-14,2.209,2.485,JRCP,6.0,,0.0,3.0,3,0.0,,,,,9.7,,2001,,803.0,054021,26,16.9,1187.7,1970-10-01,AR
5,4021,1,G,4,2003-04-10,2.424,2.763,JRCP,6.0,,0.0,3.0,3,0.0,,,,,9.7,,2003,1580.0,760.0,054021,32,16.2,1252.7,1970-10-01,AR
5,4021,1,G,4,2003-04-10,2.424,2.763,JRCP,6.0,,0.0,3.0,3,0.0,,,,,9.7,,2003,1580.0,760.0,054021,32,16.2,1252.7,1970-10-01,AR
5,4021,1,G,4,2003-04-10,2.424,2.763,JRCP,6.0,,0.0,3.0,3,0.0,,,,,9.7,,2003,1580.0,760.0,054021,32,16.2,1252.7,1970-10-01,AR
5,4021,1,G,4,2003-04-10,2.424,2.763,JRCP,6.0,,0.0,3.0,3,0.0,,,,,9.7,,2003,1580.0,760.0,054021,32,16.2,1252.7,1970-10-01,AR
5,4021,1,G,4,2003-04-10,2.449,2.794,JRCP,6.0,,0.0,3.0,3,0.0,,,,,9.7,,2003,1580.0,760.0,054021,32,16.2,1252.7,1970-10-01,AR
5,4021,1,G,4,2003-04-10,2.449,2.794,JRCP,6.0,,0.0,3.0,3,0.0,,,,,9.7,,2003,1580.0,760.0,054021,32,16.2,1252.7,1970-10-01,AR
5,4021,1,G,4,2003-04-10,2.424,2.763,JRCP,6.0,,0.0,3.0,3,0.0,,,,,9.7,,2003,1580.0,760.0,054021,32,16.2,1252.7,1970-10-01,AR
5,4021,1,G,4,2003-04-10,2.424,2.763,JRCP,6.0,,0.0,3.0,3,0.0,,,,,9.7,,2003,1580.0,760.0,054021,32,16.2,1252.7,1970-10-01,AR
5,4021,1,G,4,2003-04-10,2.439,2.787,JRCP,6.0,,0.0,3.0,3,0.0,,,,,9.7,,2003,1580.0,760.0,054021,32,16.2,1252.7,1970-10-01,AR
5,4021,1,G,4,2003-04-10,2.439,2.787,JRCP,6.0,,0.0,3.0,3,0.0,,,,,9.7,,2003,1580.0,760.0,054021,32,16.2,1252.7,1970-10-01,AR
5,4021,1,G,4,2005-04-04,2.557,2.88,JRCP,,,,,,,,,,,9.7,,2005,1640.0,792.0,054021,21,16.6,1038.6,1970-10-01,AR
5,4021,1,G,4,2005-04-04,2.557,2.88,JRCP,,,,,,,,,,,9.7,,2005,1640.0,792.0,054021,21,16.6,1038.6,1970-10-01,AR
5,4021,1,G,4,2005-04-04,2.517,2.844,JRCP,,,,,,,,,,,9.7,,2005,1640.0,792.0,054021,21,16.6,1038.6,1970-10-01,AR
5,4021,1,G,4,2005-04-04,2.517,2.844,JRCP,,,,,,,,,,,9.7,,2005,1640.0,792.0,054021,21,16.6,1038.6,1970-10-01,AR
5,4021,1,G,4,2005-04-04,2.537,2.91,JRCP,,,,,,,,,,,9.7,,2005,1640.0,792.0,054021,21,16.6,1038.6,1970-10-01,AR
5,4021,1,G,4,2005-04-04,2.537,2.91,JRCP,,,,,,,,,,,9.7,,2005,1640.0,792.0,054021,21,16.6,1038.6,1970-10-01,AR
5,4021,1,G,4,2005-04-04,2.513,2.835,JRCP,,,,,,,,,,,9.7,,2005,1640.0,792.0,054021,21,16.6,1038.6,1970-10-01,AR
5,4021,1,G,4,2005-04-04,2.513,2.835,JRCP,,,,,,,,,,,9.7,,2005,1640.0,792.0,054021,21,16.6,1038.6,1970-10-01,AR
5,4021,1,G,4,2005-04-04,2.541,2.886,JRCP,,,,,,,,,,,9.7,,2005,1640.0,792.0,054021,21,16.6,1038.6,1970-10-01,AR
5,4021,1,G,4,2005-04-04,2.541,2.886,JRCP,,,,,,,,,,,9.7,,2005,1640.0,792.0,054021,21,16.6,1038.6,1970-10-01,AR
5,4021,1,G,4,2011-03-10,2.896,3.212,JRCP,6.0,,0.0,2.5,3,0.0,,,,,9.7,,2011,,,054021,71,16.4,1878.8,1970-10-01,AR
5,4021,1,G,4,2011-03-10,2.908,3.191,JRCP,6.0,,0.0,2.5,3,0.0,,,,,9.7,,2011,,,054021,71,16.4,1878.8,1970-10-01,AR
5,4021,1,G,4,2011-03-10,2.901,3.168,JRCP,6.0,,0.0,2.5,3,0.0,,,,,9.7,,2011,,,054021,71,16.4,1878.8,1970-10-01,AR
5,4021,1,G,4,2011-03-10,2.904,3.181,JRCP,6.0,,0.0,2.5,3,0.0,,,,,9.7,,2011,,,054021,71,16.4,1878.8,1970-10-01,AR
5,4021,1,G,4,2011-03-10,2.937,3.177,JRCP,6.0,,0.0,2.5,3,0.0,,,,,9.7,,2011,,,054021,71,16.4,1878.8,1970-10-01,AR
5,4021,1,G,4,2013-05-01,2.794,3.177,JRCP,6.0,,6.3,2.5,3,0.0,,,,,9.7,,2013,,,054021,25,15.5,1318.2,1970-10-01,AR
5,4021,1,G,4,2013-05-01,2.818,3.245,JRCP,6.0,,6.3,2.5,3,0.0,,,,,9.7,,2013,,,054021,25,15.5,1318.2,1970-10-01,AR
5,4021,1,G,4,2013-05-01,2.818,3.234,JRCP,6.0,,6.3,2.5,3,0.0,,,,,9.7,,2013,,,054021,25,15.5,1318.2,1970-10-01,AR
5,4021,1,G,4,2013-05-01,2.813,3.186,JRCP,6.0,,6.3,2.5,3,0.0,,,,,9.7,,2013,,,054021,25,15.5,1318.2,1970-10-01,AR
5,4021,1,G,4,2013-05-01,2.821,3.305,JRCP,6.0,,6.3,2.5,3,0.0,,,,,9.7,,2013,,,054021,25,15.5,1318.2,1970-10-01,AR
5,4021,1,G,4,2016-05-05,2.883,3.194,JRCP,,,,,,,,,,,9.7,,2016,,,054021,26,17.3,1195.2,1970-10-01,AR
5,4021,1,G,4,2016-05-05,2.909,3.226,JRCP,,,,,,,,,,,9.7,,2016,,,054021,26,17.3,1195.2,1970-10-01,AR
5,4021,1,G,4,2016-05-05,2.916,3.267,JRCP,,,,,,,,,,,9.7,,2016,,,054021,26,17.3,1195.2,1970-10-01,AR
5,4021,1,G,4,2016-05-05,2.905,3.243,JRCP,,,,,,,,,,,9.7,,2016,,,054021,26,17.3,1195.2,1970-10-01,AR
5,4021,1,G,4,2016-05-05,2.916,3.241,JRCP,,,,,,,,,,,9.7,,2016,,,054021,26,17.3,1195.2,1970-10-01,AR
5,4023,1,G,4,1990-11-29,2.881,2.261,JRCP,0.0,,,0.0,0,36.7,,,,,10.5,3.0,1990,,,054023,27,17.4,1780.5,1975-07-01,AR
5,4023,1,G,4,1990-11-29,2.893,2.257,JRCP,0.0,,,0.0,0,36.7,,,,,10.5,3.0,1990,,,054023,27,17.4,1780.5,1975-07-01,AR
5,4023,1,G,4,1990-11-29,2.916,2.24,JRCP,0.0,,,0.0,0,36.7,,,,,10.5,3.0,1990,,,054023,27,17.4,1780.5,1975-07-01,AR
5,4023,1,G,4,1990-11-29,2.916,2.206,JRCP,0.0,,,0.0,0,36.7,,,,,10.5,3.0,1990,,,054023,27,17.4,1780.5,1975-07-01,AR
5,4023,1,G,4,1990-11-29,2.91,2.261,JRCP,0.0,,,0.0,0,36.7,,,,,10.5,3.0,1990,,,054023,27,17.4,1780.5,1975-07-01,AR
5,4023,1,G,4,1991-08-13,3.003,2.354,JRCP,0.0,,,0.0,0,36.7,,,,,10.5,3.0,1991,,,054023,16,17.2,1594.6,1975-07-01,AR
5,4023,1,G,4,1991-08-13,2.967,2.421,JRCP,0.0,,,0.0,0,36.7,,,,,10.5,3.0,1991,,,054023,16,17.2,1594.6,1975-07-01,AR
5,4023,1,G,4,1991-08-13,2.924,2.379,JRCP,0.0,,,0.0,0,36.7,,,,,10.5,3.0,1991,,,054023,16,17.2,1594.6,1975-07-01,AR
5,4023,1,G,4,1991-08-13,2.845,2.408,JRCP,0.0,,,0.0,0,36.7,,,,,10.5,3.0,1991,,,054023,16,17.2,1594.6,1975-07-01,AR
5,4023,1,G,4,1991-08-13,2.883,2.4,JRCP,0.0,,,0.0,0,36.7,,,,,10.5,3.0,1991,,,054023,16,17.2,1594.6,1975-07-01,AR
5,4023,1,G,4,1993-09-13,2.723,2.329,JRCP,,,,,,,,,,,10.5,3.0,1993,,345.0,054023,13,16.0,1239.4,1975-07-01,AR
5,4023,1,G,4,1993-09-13,2.814,2.349,JRCP,,,,,,,,,,,10.5,3.0,1993,,345.0,054023,13,16.0,1239.4,1975-07-01,AR
5,4023,1,G,4,1993-09-13,2.825,2.332,JRCP,,,,,,,,,,,10.5,3.0,1993,,345.0,054023,13,16.0,1239.4,1975-07-01,AR
5,4023,1,G,4,1993-09-13,2.776,2.353,JRCP,,,,,,,,,,,10.5,3.0,1993,,345.0,054023,13,16.0,1239.4,1975-07-01,AR
5,4023,1,G,4,1993-09-13,2.826,2.361,JRCP,,,,,,,,,,,10.5,3.0,1993,,345.0,054023,13,16.0,1239.4,1975-07-01,AR
5,4023,1,G,4,1994-09-26,2.661,2.38,JRCP,0.0,,0.6,1.0,0,36.2,,,,,10.5,3.0,1994,,431.0,054023,45,16.5,1380.3,1975-07-01,AR
5,4023,1,G,4,1994-09-26,2.608,2.373,JRCP,0.0,,0.6,1.0,0,36.2,,,,,10.5,3.0,1994,,431.0,054023,45,16.5,1380.3,1975-07-01,AR
5,4023,1,G,4,1994-09-26,2.605,2.352,JRCP,0.0,,0.6,1.0,0,36.2,,,,,10.5,3.0,1994,,431.0,054023,45,16.5,1380.3,1975-07-01,AR
5,4023,1,G,4,1994-09-26,2.607,2.364,JRCP,0.0,,0.6,1.0,0,36.2,,,,,10.5,3.0,1994,,431.0,054023,45,16.5,1380.3,1975-07-01,AR
5,4023,1,G,4,1994-09-26,2.616,2.367,JRCP,0.0,,0.6,1.0,0,36.2,,,,,10.5,3.0,1994,,431.0,054023,45,16.5,1380.3,1975-07-01,AR
5,4023,1,G,4,1998-03-20,2.736,2.455,JRCP,0.0,,0.8,0.6,0,37.6,,,,,10.5,3.0,1998,,,054023,21,17.9,1032.7,1975-07-01,AR
5,4023,1,G,4,1998-03-20,2.758,2.484,JRCP,0.0,,0.8,0.6,0,37.6,,,,,10.5,3.0,1998,,,054023,21,17.9,1032.7,1975-07-01,AR
5,4023,1,G,4,1998-03-20,2.71,2.481,JRCP,0.0,,0.8,0.6,0,37.6,,,,,10.5,3.0,1998,,,054023,21,17.9,1032.7,1975-07-01,AR
5,4023,1,G,4,1998-03-20,2.762,2.477,JRCP,0.0,,0.8,0.6,0,37.6,,,,,10.5,3.0,1998,,,054023,21,17.9,1032.7,1975-07-01,AR
5,4023,1,G,4,1998-03-20,2.744,2.502,JRCP,0.0,,0.8,0.6,0,37.6,,,,,10.5,3.0,1998,,,054023,21,17.9,1032.7,1975-07-01,AR
5,4046,1,G,4,1990-11-30,1.553,1.608,JRCP,0.0,,,0.5,1,0.0,,,,,9.0,12.0,1990,,,054046,29,16.7,1653.7,1979-08-01,AR
5,4046,1,G,4,1990-11-30,1.571,1.602,JRCP,0.0,,,0.5,1,0.0,,,,,9.0,12.0,1990,,,054046,29,16.7,1653.7,1979-08-01,AR
5,4046,1,G,4,1990-11-30,1.584,1.61,JRCP,0.0,,,0.5,1,0.0,,,,,9.0,12.0,1990,,,054046,29,16.7,1653.7,1979-08-01,AR
5,4046,1,G,4,1990-11-30,1.576,1.605,JRCP,0.0,,,0.5,1,0.0,,,,,9.0,12.0,1990,,,054046,29,16.7,1653.7,1979-08-01,AR
5,4046,1,G,4,1990-11-30,1.576,1.589,JRCP,0.0,,,0.5,1,0.0,,,,,9.0,12.0,1990,,,054046,29,16.7,1653.7,1979-08-01,AR
5,4046,1,G,4,1991-08-13,1.64,1.792,JRCP,0.0,,,0.5,1,0.0,,,,,9.0,12.0,1991,,,054046,35,16.5,1446.5,1979-08-01,AR
5,4046,1,G,4,1991-08-13,1.628,1.784,JRCP,0.0,,,0.5,1,0.0,,,,,9.0,12.0,1991,,,054046,35,16.5,1446.5,1979-08-01,AR
5,4046,1,G,4,1991-08-13,1.624,1.753,JRCP,0.0,,,0.5,1,0.0,,,,,9.0,12.0,1991,,,054046,35,16.5,1446.5,1979-08-01,AR
5,4046,1,G,4,1991-08-13,1.679,1.763,JRCP,0.0,,,0.5,1,0.0,,,,,9.0,12.0,1991,,,054046,35,16.5,1446.5,1979-08-01,AR
5,4046,1,G,4,1991-08-13,1.677,1.757,JRCP,0.0,,,0.5,1,0.0,,,,,9.0,12.0,1991,,,054046,35,16.5,1446.5,1979-08-01,AR
5,4046,1,G,4,1993-09-15,1.725,1.775,JRCP,,,,,,,,,,,9.0,12.0,1993,570.0,291.0,054046,36,15.3,1185.3,1979-08-01,AR
5,4046,1,G,4,1993-09-15,1.725,1.775,JRCP,,,,,,,,,,,9.0,12.0,1993,570.0,291.0,054046,36,15.3,1185.3,1979-08-01,AR
5,4046,1,G,4,1993-09-15,1.67,1.759,JRCP,,,,,,,,,,,9.0,12.0,1993,570.0,291.0,054046,36,15.3,1185.3,1979-08-01,AR
5,4046,1,G,4,1993-09-15,1.67,1.759,JRCP,,,,,,,,,,,9.0,12.0,1993,570.0,291.0,054046,36,15.3,1185.3,1979-08-01,AR
5,4046,1,G,4,1993-09-15,1.681,1.798,JRCP,,,,,,,,,,,9.0,12.0,1993,570.0,291.0,054046,36,15.3,1185.3,1979-08-01,AR
5,4046,1,G,4,1993-09-15,1.681,1.798,JRCP,,,,,,,,,,,9.0,12.0,1993,570.0,291.0,054046,36,15.3,1185.3,1979-08-01,AR
5,4046,1,G,4,1993-09-15,1.676,1.774,JRCP,,,,,,,,,,,9.0,12.0,1993,570.0,291.0,054046,36,15.3,1185.3,1979-08-01,AR
5,4046,1,G,4,1993-09-15,1.676,1.774,JRCP,,,,,,,,,,,9.0,12.0,1993,570.0,291.0,054046,36,15.3,1185.3,1979-08-01,AR
5,4046,1,G,4,1993-09-15,1.652,1.752,JRCP,,,,,,,,,,,9.0,12.0,1993,570.0,291.0,054046,36,15.3,1185.3,1979-08-01,AR
5,4046,1,G,4,1993-09-15,1.652,1.752,JRCP,,,,,,,,,,,9.0,12.0,1993,570.0,291.0,054046,36,15.3,1185.3,1979-08-01,AR
5,4046,1,G,4,1994-09-27,1.563,1.743,JRCP,3.0,,0.7,1.0,1,0.0,,,,,9.0,12.0,1994,620.0,262.0,054046,81,15.7,1222.3,1979-08-01,AR
5,4046,1,G,4,1994-09-27,1.563,1.743,JRCP,3.0,,0.7,1.0,1,0.0,,,,,9.0,12.0,1994,620.0,262.0,054046,81,15.7,1222.3,1979-08-01,AR
5,4046,1,G,4,1994-09-27,1.6,1.72,JRCP,3.0,,0.7,1.0,1,0.0,,,,,9.0,12.0,1994,620.0,262.0,054046,81,15.7,1222.3,1979-08-01,AR
5,4046,1,G,4,1994-09-27,1.6,1.72,JRCP,3.0,,0.7,1.0,1,0.0,,,,,9.0,12.0,1994,620.0,262.0,054046,81,15.7,1222.3,1979-08-01,AR
5,4046,1,G,4,1994-09-27,1.565,1.685,JRCP,3.0,,0.7,1.0,1,0.0,,,,,9.0,12.0,1994,620.0,262.0,054046,81,15.7,1222.3,1979-08-01,AR
5,4046,1,G,4,1994-09-27,1.565,1.685,JRCP,3.0,,0.7,1.0,1,0.0,,,,,9.0,12.0,1994,620.0,262.0,054046,81,15.7,1222.3,1979-08-01,AR
5,4046,1,G,4,1994-09-27,1.588,1.702,JRCP,3.0,,0.7,1.0,1,0.0,,,,,9.0,12.0,1994,620.0,262.0,054046,81,15.7,1222.3,1979-08-01,AR
5,4046,1,G,4,1994-09-27,1.588,1.702,JRCP,3.0,,0.7,1.0,1,0.0,,,,,9.0,12.0,1994,620.0,262.0,054046,81,15.7,1222.3,1979-08-01,AR
5,4046,1,G,4,1994-09-27,1.574,1.765,JRCP,3.0,,0.7,1.0,1,0.0,,,,,9.0,12.0,1994,620.0,262.0,054046,81,15.7,1222.3,1979-08-01,AR
5,4046,1,G,4,1994-09-27,1.574,1.765,JRCP,3.0,,0.7,1.0,1,0.0,,,,,9.0,12.0,1994,620.0,262.0,054046,81,15.7,1222.3,1979-08-01,AR
5,4046,1,G,4,1995-07-27,1.569,2.581,JRCP,3.0,,0.7,1.0,1,0.0,,,,,9.0,12.0,1995,,216.0,054046,58,15.7,957.6,1979-08-01,AR
5,4046,1,G,4,1995-07-27,1.564,2.586,JRCP,3.0,,0.7,1.0,1,0.0,,,,,9.0,12.0,1995,,216.0,054046,58,15.7,957.6,1979-08-01,AR
5,4046,1,G,4,1995-07-27,1.536,2.589,JRCP,3.0,,0.7,1.0,1,0.0,,,,,9.0,12.0,1995,,216.0,054046,58,15.7,957.6,1979-08-01,AR
5,4046,1,G,4,1995-07-27,1.52,2.595,JRCP,3.0,,0.7,1.0,1,0.0,,,,,9.0,12.0,1995,,216.0,054046,58,15.7,957.6,1979-08-01,AR
5,4046,1,G,4,1995-07-27,1.577,2.588,JRCP,3.0,,0.7,1.0,1,0.0,,,,,9.0,12.0,1995,,216.0,054046,58,15.7,957.6,1979-08-01,AR
5,4046,2,G,4,1997-10-03,1.765,2.149,JRCP,3.0,,,0.5,1,14.4,,,,,9.0,,1997,870.0,879.0,054046,75,15.4,1243.8,,AR
5,4046,2,G,4,1997-10-03,1.765,2.149,JRCP,3.0,,,0.5,1,14.4,,,,,9.0,,1997,870.0,879.0,054046,75,15.4,1243.8,,AR
5,4046,2,G,4,1997-10-03,1.769,2.151,JRCP,3.0,,,0.5,1,14.4,,,,,9.0,,1997,870.0,879.0,054046,75,15.4,1243.8,,AR
5,4046,2,G,4,1997-10-03,1.769,2.151,JRCP,3.0,,,0.5,1,14.4,,,,,9.0,,1997,870.0,879.0,054046,75,15.4,1243.8,,AR
5,4046,2,G,4,1997-10-03,1.769,2.15,JRCP,3.0,,,0.5,1,14.4,,,,,9.0,,1997,870.0,879.0,054046,75,15.4,1243.8,,AR
5,4046,2,G,4,1997-10-03,1.769,2.15,JRCP,3.0,,,0.5,1,14.4,,,,,9.0,,1997,870.0,879.0,054046,75,15.4,1243.8,,AR
5,4046,2,G,4,1997-10-03,1.786,2.169,JRCP,3.0,,,0.5,1,14.4,,,,,9.0,,1997,870.0,879.0,054046,75,15.4,1243.8,,AR
5,4046,2,G,4,1997-10-03,1.786,2.169,JRCP,3.0,,,0.5,1,14.4,,,,,9.0,,1997,870.0,879.0,054046,75,15.4,1243.8,,AR
5,4046,2,G,4,1997-10-03,1.791,2.106,JRCP,3.0,,,0.5,1,14.4,,,,,9.0,,1997,870.0,879.0,054046,75,15.4,1243.8,,AR
5,4046,2,G,4,1997-10-03,1.791,2.106,JRCP,3.0,,,0.5,1,14.4,,,,,9.0,,1997,870.0,879.0,054046,75,15.4,1243.8,,AR
5,4046,2,G,4,2001-01-20,2.125,2.521,JRCP,3.0,,0.0,0.0,2,14.6,,,,,9.0,,2001,,2011.0,054046,44,16.1,1393.1,,AR
5,4046,2,G,4,2001-01-20,2.185,2.513,JRCP,3.0,,0.0,0.0,2,14.6,,,,,9.0,,2001,,2011.0,054046,44,16.1,1393.1,,AR
5,4046,2,G,4,2001-01-20,2.178,2.528,JRCP,3.0,,0.0,0.0,2,14.6,,,,,9.0,,2001,,2011.0,054046,44,16.1,1393.1,,AR
5,4046,2,G,4,2001-01-20,2.13,2.523,JRCP,3.0,,0.0,0.0,2,14.6,,,,,9.0,,2001,,2011.0,054046,44,16.1,1393.1,,AR
5,4046,2,G,4,2001-01-20,2.15,2.493,JRCP,3.0,,0.0,0.0,2,14.6,,,,,9.0,,2001,,2011.0,054046,44,16.1,1393.1,,AR
5,4046,2,G,4,2003-04-23,2.23,2.672,JRCP,3.0,,3.1,0.5,2,13.6,,,,,9.0,,2003,,,054046,91,15.0,1483.0,,AR
5,4046,2,G,4,2003-04-23,2.226,2.567,JRCP,3.0,,3.1,0.5,2,13.6,,,,,9.0,,2003,,,054046,91,15.0,1483.0,,AR
5,4046,2,G,4,2003-04-23,2.2,2.512,JRCP,3.0,,3.1,0.5,2,13.6,,,,,9.0,,2003,,,054046,91,15.0,1483.0,,AR
5,4046,2,G,4,2003-04-23,2.241,2.511,JRCP,3.0,,3.1,0.5,2,13.6,,,,,9.0,,2003,,,054046,91,15.0,1483.0,,AR
5,4046,2,G,4,2003-04-23,2.256,2.517,JRCP,3.0,,3.1,0.5,2,13.6,,,,,9.0,,2003,,,054046,91,15.0,1483.0,,AR
5,4046,2,G,4,2005-04-06,2.496,2.792,JRCP,,,,,,,,,,,9.0,,2005,,,054046,42,16.0,1069.7,,AR
5,4046,2,G,4,2005-04-06,2.538,2.811,JRCP,,,,,,,,,,,9.0,,2005,,,054046,42,16.0,1069.7,,AR
5,4046,2,G,4,2005-04-06,2.528,2.807,JRCP,,,,,,,,,,,9.0,,2005,,,054046,42,16.0,1069.7,,AR
5,4046,2,G,4,2005-04-06,2.477,2.826,JRCP,,,,,,,,,,,9.0,,2005,,,054046,42,16.0,1069.7,,AR
5,4046,2,G,4,2005-04-06,2.491,2.746,JRCP,,,,,,,,,,,9.0,,2005,,,054046,42,16.0,1069.7,,AR
5,4046,3,G,4,2011-03-07,1.737,1.814,JRCP,,,,,,,,,,,9.0,,2011,210.0,,054046,84,15.6,1578.9,,AR
5,4046,3,G,4,2011-03-07,1.737,1.814,JRCP,,,,,,,,,,,9.0,,2011,210.0,,054046,84,15.6,1578.9,,AR
5,4046,3,G,4,2011-03-07,1.726,1.866,JRCP,,,,,,,,,,,9.0,,2011,210.0,,054046,84,15.6,1578.9,,AR
5,4046,3,G,4,2011-03-07,1.726,1.866,JRCP,,,,,,,,,,,9.0,,2011,210.0,,054046,84,15.6,1578.9,,AR
5,4046,3,G,4,2011-03-07,1.695,1.888,JRCP,,,,,,,,,,,9.0,,2011,210.0,,054046,84,15.6,1578.9,,AR
5,4046,3,G,4,2011-03-07,1.695,1.888,JRCP,,,,,,,,,,,9.0,,2011,210.0,,054046,84,15.6,1578.9,,AR
5,4046,3,G,4,2011-03-07,1.764,1.881,JRCP,,,,,,,,,,,9.0,,2011,210.0,,054046,84,15.6,1578.9,,AR
5,4046,3,G,4,2011-03-07,1.764,1.881,JRCP,,,,,,,,,,,9.0,,2011,210.0,,054046,84,15.6,1578.9,,AR
5,4046,3,G,4,2011-03-07,1.802,1.852,JRCP,,,,,,,,,,,9.0,,2011,210.0,,054046,84,15.6,1578.9,,AR
5,4046,3,G,4,2011-03-07,1.802,1.852,JRCP,,,,,,,,,,,9.0,,2011,210.0,,054046,84,15.6,1578.9,,AR
5,4046,3,G,4,2016-05-06,2.407,2.507,JRCP,,,,,,,,,,,9.0,,2016,980.0,371.0,054046,53,16.2,1428.8,,AR
5,4046,3,G,4,2016-05-06,2.407,2.507,JRCP,,,,,,,,,,,9.0,,2016,980.0,371.0,054046,53,16.2,1428.8,,AR
5,4046,3,G,4,2016-05-06,2.407,2.507,JRCP,,,,,,,,,,,9.0,,2016,980.0,371.0,054046,53,16.2,1428.8,,AR
5,4046,3,G,4,2016-05-06,2.42,2.49,JRCP,,,,,,,,,,,9.0,,2016,980.0,371.0,054046,53,16.2,1428.8,,AR
5,4046,3,G,4,2016-05-06,2.42,2.49,JRCP,,,,,,,,,,,9.0,,2016,980.0,371.0,054046,53,16.2,1428.8,,AR
5,4046,3,G,4,2016-05-06,2.42,2.49,JRCP,,,,,,,,,,,9.0,,2016,980.0,371.0,054046,53,16.2,1428.8,,AR
5,4046,3,G,4,2016-05-06,2.444,2.44,JRCP,,,,,,,,,,,9.0,,2016,980.0,371.0,054046,53,16.2,1428.8,,AR
5,4046,3,G,4,2016-05-06,2.444,2.44,JRCP,,,,,,,,,,,9.0,,2016,980.0,371.0,054046,53,16.2,1428.8,,AR
5,4046,3,G,4,2016-05-06,2.444,2.44,JRCP,,,,,,,,,,,9.0,,2016,980.0,371.0,054046,53,16.2,1428.8,,AR
5,4046,3,G,4,2016-05-06,2.391,2.523,JRCP,,,,,,,,,,,9.0,,2016,980.0,371.0,054046,53,16.2,1428.8,,AR
5,4046,3,G,4,2016-05-06,2.391,2.523,JRCP,,,,,,,,,,,9.0,,2016,980.0,371.0,054046,53,16.2,1428.8,,AR
5,4046,3,G,4,2016-05-06,2.391,2.523,JRCP,,,,,,,,,,,9.0,,2016,980.0,371.0,054046,53,16.2,1428.8,,AR
5,4046,3,G,4,2016-05-06,2.408,2.468,JRCP,,,,,,,,,,,9.0,,2016,980.0,371.0,054046,53,16.2,1428.8,,AR
5,4046,3,G,4,2016-05-06,2.408,2.468,JRCP,,,,,,,,,,,9.0,,2016,980.0,371.0,054046,53,16.2,1428.8,,AR
5,4046,3,G,4,2016-05-06,2.408,2.468,JRCP,,,,,,,,,,,9.0,,2016,980.0,371.0,054046,53,16.2,1428.8,,AR
5,5803,1,G,5,2020-07-28,1.537,1.637,CRCP,,,,,,0.0,1,11,2,0.2,7.9,6.0,2020,,,055803,4,16.8,1541.7,1973-05-01,AR
5,5803,1,G,5,2020-07-28,1.521,1.622,CRCP,,,,,,0.0,1,11,2,0.2,7.9,6.0,2020,,,055803,4,16.8,1541.7,1973-05-01,AR
5,5803,1,G,5,2020-07-28,1.512,1.61,CRCP,,,,,,0.0,1,11,2,0.2,7.9,6.0,2020,,,055803,4,16.8,1541.7,1973-05-01,AR
5,5803,1,G,5,2020-07-28,1.575,1.636,CRCP,,,,,,0.0,1,11,2,0.2,7.9,6.0,2020,,,055803,4,16.8,1541.7,1973-05-01,AR
5,5803,1,G,5,2020-07-28,1.543,1.619,CRCP,,,,,,0.0,1,11,2,0.2,7.9,6.0,2020,,,055803,4,16.8,1541.7,1973-05-01,AR
5,5803,1,G,5,1990-11-19,1.673,1.292,CRCP,,,,,,0.0,0,0,0,0.0,7.9,6.0,1990,,,055803,26,17.9,1681.7,1973-05-01,AR
5,5803,1,G,5,1990-11-19,1.611,1.37,CRCP,,,,,,0.0,0,0,0,0.0,7.9,6.0,1990,,,055803,26,17.9,1681.7,1973-05-01,AR
5,5803,1,G,5,1990-11-19,1.684,1.307,CRCP,,,,,,0.0,0,0,0,0.0,7.9,6.0,1990,,,055803,26,17.9,1681.7,1973-05-01,AR
5,5803,1,G,5,1990-11-19,1.648,1.364,CRCP,,,,,,0.0,0,0,0,0.0,7.9,6.0,1990,,,055803,26,17.9,1681.7,1973-05-01,AR
5,5803,1,G,5,1990-11-19,1.593,1.371,CRCP,,,,,,0.0,0,0,0,0.0,7.9,6.0,1990,,,055803,26,17.9,1681.7,1973-05-01,AR
5,5803,1,G,5,1991-08-07,1.627,1.451,CRCP,,,,,,0.0,0,0,0,0.0,7.9,6.0,1991,,,055803,11,17.5,1502.1,1973-05-01,AR
5,5803,1,G,5,1991-08-07,1.705,1.377,CRCP,,,,,,0.0,0,0,0,0.0,7.9,6.0,1991,,,055803,11,17.5,1502.1,1973-05-01,AR
5,5803,1,G,5,1991-08-07,1.613,1.418,CRCP,,,,,,0.0,0,0,0,0.0,7.9,6.0,1991,,,055803,11,17.5,1502.1,1973-05-01,AR
5,5803,1,G,5,1991-08-07,1.748,1.363,CRCP,,,,,,0.0,0,0,0,0.0,7.9,6.0,1991,,,055803,11,17.5,1502.1,1973-05-01,AR
5,5803,1,G,5,1991-08-07,1.664,1.385,CRCP,,,,,,0.0,0,0,0,0.0,7.9,6.0,1991,,,055803,11,17.5,1502.1,1973-05-01,AR
5,5803,1,G,5,1993-09-13,1.482,1.452,CRCP,,,,,,,,,,,7.9,6.0,1993,,62.0,055803,9,16.5,1141.5,1973-05-01,AR
5,5803,1,G,5,1993-09-13,1.491,1.467,CRCP,,,,,,,,,,,7.9,6.0,1993,,62.0,055803,9,16.5,1141.5,1973-05-01,AR
5,5803,1,G,5,1993-09-13,1.526,1.451,CRCP,,,,,,,,,,,7.9,6.0,1993,,62.0,055803,9,16.5,1141.5,1973-05-01,AR
5,5803,1,G,5,1993-09-13,1.511,1.462,CRCP,,,,,,,,,,,7.9,6.0,1993,,62.0,055803,9,16.5,1141.5,1973-05-01,AR
5,5803,1,G,5,1993-09-13,1.473,1.493,CRCP,,,,,,,,,,,7.9,6.0,1993,,62.0,055803,9,16.5,1141.5,1973-05-01,AR
5,5803,1,G,5,1994-09-23,1.568,1.361,CRCP,,,,,,0.0,0,0,0,4.2,7.9,6.0,1994,,,055803,35,17.0,1376.1,1973-05-01,AR
5,5803,1,G,5,1994-09-23,1.569,1.383,CRCP,,,,,,0.0,0,0,0,4.2,7.9,6.0,1994,,,055803,35,17.0,1376.1,1973-05-01,AR
5,5803,1,G,5,1994-09-23,1.572,1.332,CRCP,,,,,,0.0,0,0,0,4.2,7.9,6.0,1994,,,055803,35,17.0,1376.1,1973-05-01,AR
5,5803,1,G,5,1994-09-23,1.463,1.406,CRCP,,,,,,0.0,0,0,0,4.2,7.9,6.0,1994,,,055803,35,17.0,1376.1,1973-05-01,AR
5,5803,1,G,5,1994-09-23,1.551,1.391,CRCP,,,,,,0.0,0,0,0,4.2,7.9,6.0,1994,,,055803,35,17.0,1376.1,1973-05-01,AR
5,5803,1,G,5,1998-03-18,1.301,1.558,CRCP,,,,,,0.0,0,0,0,0.0,7.9,6.0,1998,,,055803,18,18.7,1057.1,1973-05-01,AR
5,5803,1,G,5,1998-03-18,1.302,1.574,CRCP,,,,,,0.0,0,0,0,0.0,7.9,6.0,1998,,,055803,18,18.7,1057.1,1973-05-01,AR
5,5803,1,G,5,1998-03-18,1.318,1.554,CRCP,,,,,,0.0,0,0,0,0.0,7.9,6.0,1998,,,055803,18,18.7,1057.1,1973-05-01,AR
5,5803,1,G,5,1998-03-18,1.309,1.532,CRCP,,,,,,0.0,0,0,0,0.0,7.9,6.0,1998,,,055803,18,18.7,1057.1,1973-05-01,AR
5,5803,1,G,5,1998-03-18,1.295,1.555,CRCP,,,,,,0.0,0,0,0,0.0,7.9,6.0,1998,,,055803,18,18.7,1057.1,1973-05-01,AR
5,5803,1,G,5,2001-01-24,1.5,1.506,CRCP,,,,,,0.0,0,0,0,0.0,7.9,6.0,2001,,,055803,20,17.4,1238.8,1973-05-01,AR
5,5803,1,G,5,2001-01-24,1.532,1.488,CRCP,,,,,,0.0,0,0,0,0.0,7.9,6.0,2001,,,055803,20,17.4,1238.8,1973-05-01,AR
5,5803,1,G,5,2001-01-24,1.452,1.54,CRCP,,,,,,0.0,0,0,0,0.0,7.9,6.0,2001,,,055803,20,17.4,1238.8,1973-05-01,AR
5,5803,1,G,5,2001-01-24,1.38,1.605,CRCP,,,,,,0.0,0,0,0,0.0,7.9,6.0,2001,,,055803,20,17.4,1238.8,1973-05-01,AR
5,5803,1,G,5,2001-01-24,1.39,1.586,CRCP,,,,,,0.0,0,0,0,0.0,7.9,6.0,2001,,,055803,20,17.4,1238.8,1973-05-01,AR
5,5803,1,G,5,2003-01-16,1.545,1.335,CRCP,,,,,,0.0,0,0,0,0.0,7.9,6.0,2003,,,055803,28,17.0,1016.9,1973-05-01,AR
5,5803,1,G,5,2003-01-16,1.501,1.414,CRCP,,,,,,0.0,0,0,0,0.0,7.9,6.0,2003,,,055803,28,17.0,1016.9,1973-05-01,AR
5,5803,1,G,5,2003-01-16,1.522,1.417,CRCP,,,,,,0.0,0,0,0,0.0,7.9,6.0,2003,,,055803,28,17.0,1016.9,1973-05-01,AR
5,5803,1,G,5,2003-01-16,1.54,1.313,CRCP,,,,,,0.0,0,0,0,0.0,7.9,6.0,2003,,,055803,28,17.0,1016.9,1973-05-01,AR
5,5803,1,G,5,2003-01-16,1.461,1.505,CRCP,,,,,,0.0,0,0,0,0.0,7.9,6.0,2003,,,055803,28,17.0,1016.9,1973-05-01,AR
5,5803,1,G,5,2005-04-02,1.441,1.596,CRCP,,,,,,,,,,,7.9,6.0,2005,,,055803,13,17.9,919.6,1973-05-01,AR
5,5803,1,G,5,2005-04-02,1.467,1.58,CRCP,,,,,,,,,,,7.9,6.0,2005,,,055803,13,17.9,919.6,1973-05-01,AR
5,5803,1,G,5,2005-04-02,1.462,1.598,CRCP,,,,,,,,,,,7.9,6.0,2005,,,055803,13,17.9,919.6,1973-05-01,AR
5,5803,1,G,5,2005-04-02,1.498,1.52,CRCP,,,,,,,,,,,7.9,6.0,2005,,,055803,13,17.9,919.6,1973-05-01,AR
5,5803,1,G,5,2005-04-02,1.465,1.551,CRCP,,,,,,,,,,,7.9,6.0,2005,,,055803,13,17.9,919.6,1973-05-01,AR
5,5803,1,G,5,2010-02-17,1.839,2.108,CRCP,,,,,,0.0,1,0,1,0.0,7.9,6.0,2010,,,055803,46,17.7,980.9,1973-05-01,AR
5,5803,1,G,5,2010-02-17,1.317,1.66,CRCP,,,,,,0.0,1,0,1,0.0,7.9,6.0,2010,,,055803,46,17.7,980.9,1973-05-01,AR
5,5803,1,G,5,2010-02-17,1.88,2.071,CRCP,,,,,,0.0,1,0,1,0.0,7.9,6.0,2010,,,055803,46,17.7,980.9,1973-05-01,AR
5,5803,1,G,5,2010-02-17,1.812,2.065,CRCP,,,,,,0.0,1,0,1,0.0,7.9,6.0,2010,,,055803,46,17.7,980.9,1973-05-01,AR
5,5803,1,G,5,2010-02-17,1.359,1.631,CRCP,,,,,,0.0,1,0,1,0.0,7.9,6.0,2010,,,055803,46,17.7,980.9,1973-05-01,AR
5,5803,1,G,5,2016-05-04,1.596,1.567,CRCP,,,,,,,,,,,7.9,6.0,2016,,,055803,13,18.3,1389.6,1973-05-01,AR
5,5803,1,G,5,2016-05-04,1.431,1.671,CRCP,,,,,,,,,,,7.9,6.0,2016,,,055803,13,18.3,1389.6,1973-05-01,AR
5,5803,1,G,5,2016-05-04,1.578,1.549,CRCP,,,,,,,,,,,7.9,6.0,2016,,,055803,13,18.3,1389.6,1973-05-01,AR
5,5803,1,G,5,2016-05-04,1.674,1.373,CRCP,,,,,,,,,,,7.9,6.0,2016,,,055803,13,18.3,1389.6,1973-05-01,AR
5,5803,1,G,5,2016-05-04,1.673,1.506,CRCP,,,,,,,,,,,7.9,6.0,2016,,,055803,13,18.3,1389.6,1973-05-01,AR
5,5805,1,G,5,2020-07-27,1.435,1.21,CRCP,,,,,,0.0,0,0,0,0.0,7.9,,2020,,,055805,1,16.7,1567.9,1975-08-01,AR
5,5805,1,G,5,2020-07-27,1.43,1.215,CRCP,,,,,,0.0,0,0,0,0.0,7.9,,2020,,,055805,1,16.7,1567.9,1975-08-01,AR
5,5805,1,G,5,2020-07-27,1.421,1.19,CRCP,,,,,,0.0,0,0,0,0.0,7.9,,2020,,,055805,1,16.7,1567.9,1975-08-01,AR
5,5805,1,G,5,2020-07-27,1.417,1.191,CRCP,,,,,,0.0,0,0,0,0.0,7.9,,2020,,,055805,1,16.7,1567.9,1975-08-01,AR
5,5805,1,G,5,2020-07-27,1.437,1.195,CRCP,,,,,,0.0,0,0,0,0.0,7.9,,2020,,,055805,1,16.7,1567.9,1975-08-01,AR
5,5805,1,G,5,1990-05-25,1.372,1.084,CRCP,,,,,,,,,,,7.9,,1990,,,055805,22,17.8,1698.6,1975-08-01,AR
5,5805,1,G,5,1990-05-25,1.385,1.092,CRCP,,,,,,,,,,,7.9,,1990,,,055805,22,17.8,1698.6,1975-08-01,AR
5,5805,1,G,5,1990-05-25,1.399,1.07,CRCP,,,,,,,,,,,7.9,,1990,,,055805,22,17.8,1698.6,1975-08-01,AR
5,5805,1,G,5,1990-05-25,1.41,1.135,CRCP,,,,,,,,,,,7.9,,1990,,,055805,22,17.8,1698.6,1975-08-01,AR
5,5805,1,G,5,1990-05-25,1.403,1.107,CRCP,,,,,,,,,,,7.9,,1990,,,055805,22,17.8,1698.6,1975-08-01,AR
5,5805,1,G,5,1991-08-07,1.503,1.161,CRCP,,,,,,0.0,0,0,0,0.0,7.9,,1991,,,055805,9,17.5,1496.3,1975-08-01,AR
5,5805,1,G,5,1991-08-07,1.536,1.157,CRCP,,,,,,0.0,0,0,0,0.0,7.9,,1991,,,055805,9,17.5,1496.3,1975-08-01,AR
5,5805,1,G,5,1991-08-07,1.55,1.176,CRCP,,,,,,0.0,0,0,0,0.0,7.9,,1991,,,055805,9,17.5,1496.3,1975-08-01,AR
5,5805,1,G,5,1991-08-07,1.587,1.137,CRCP,,,,,,0.0,0,0,0,0.0,7.9,,1991,,,055805,9,17.5,1496.3,1975-08-01,AR
5,5805,1,G,5,1991-08-07,1.57,1.155,CRCP,,,,,,0.0,0,0,0,0.0,7.9,,1991,,,055805,9,17.5,1496.3,1975-08-01,AR
5,5805,1,G,5,1993-09-10,1.449,1.094,CRCP,,,,,,,,,,,7.9,,1993,350.0,,055805,9,16.3,1128.4,1975-08-01,AR
5,5805,1,G,5,1993-09-10,1.449,1.094,CRCP,,,,,,,,,,,7.9,,1993,350.0,,055805,9,16.3,1128.4,1975-08-01,AR
5,5805,1,G,5,1993-09-10,1.47,1.076,CRCP,,,,,,,,,,,7.9,,1993,350.0,,055805,9,16.3,1128.4,1975-08-01,AR
5,5805,1,G,5,1993-09-10,1.47,1.076,CRCP,,,,,,,,,,,7.9,,1993,350.0,,055805,9,16.3,1128.4,1975-08-01,AR
5,5805,1,G,5,1993-09-10,1.453,1.08,CRCP,,,,,,,,,,,7.9,,1993,350.0,,055805,9,16.3,1128.4,1975-08-01,AR
5,5805,1,G,5,1993-09-10,1.453,1.08,CRCP,,,,,,,,,,,7.9,,1993,350.0,,055805,9,16.3,1128.4,1975-08-01,AR
5,5805,1,G,5,1993-09-10,1.493,1.117,CRCP,,,,,,,,,,,7.9,,1993,350.0,,055805,9,16.3,1128.4,1975-08-01,AR
5,5805,1,G,5,1993-09-10,1.493,1.117,CRCP,,,,,,,,,,,7.9,,1993,350.0,,055805,9,16.3,1128.4,1975-08-01,AR
5,5805,1,G,5,1993-09-10,1.402,1.106,CRCP,,,,,,,,,,,7.9,,1993,350.0,,055805,9,16.3,1128.4,1975-08-01,AR
5,5805,1,G,5,1993-09-10,1.402,1.106,CRCP,,,,,,,,,,,7.9,,1993,350.0,,055805,9,16.3,1128.4,1975-08-01,AR
5,5805,1,G,5,1994-09-23,1.477,1.145,CRCP,,,,,,0.0,0,0,0,0.0,7.9,,1994,,82.0,055805,32,16.9,1383.8,1975-08-01,AR
5,5805,1,G,5,1994-09-23,1.431,1.165,CRCP,,,,,,0.0,0,0,0,0.0,7.9,,1994,,82.0,055805,32,16.9,1383.8,1975-08-01,AR
5,5805,1,G,5,1994-09-23,1.484,1.156,CRCP,,,,,,0.0,0,0,0,0.0,7.9,,1994,,82.0,055805,32,16.9,1383.8,1975-08-01,AR
5,5805,1,G,5,1994-09-23,1.45,1.131,CRCP,,,,,,0.0,0,0,0,0.0,7.9,,1994,,82.0,055805,32,16.9,1383.8,1975-08-01,AR
5,5805,1,G,5,1994-09-23,1.47,1.176,CRCP,,,,,,0.0,0,0,0,0.0,7.9,,1994,,82.0,055805,32,16.9,1383.8,1975-08-01,AR
5,5805,1,G,5,1998-03-18,1.435,1.142,CRCP,,,,,,0.0,1,0,0,0.0,7.9,,1998,400.0,365.0,055805,17,18.5,1076.3,1975-08-01,AR
5,5805,1,G,5,1998-03-18,1.435,1.142,CRCP,,,,,,0.0,1,0,0,0.0,7.9,,1998,400.0,365.0,055805,17,18.5,1076.3,1975-08-01,AR
5,5805,1,G,5,1998-03-18,1.394,1.152,CRCP,,,,,,0.0,1,0,0,0.0,7.9,,1998,400.0,365.0,055805,17,18.5,1076.3,1975-08-01,AR
5,5805,1,G,5,1998-03-18,1.394,1.152,CRCP,,,,,,0.0,1,0,0,0.0,7.9,,1998,400.0,365.0,055805,17,18.5,1076.3,1975-08-01,AR
5,5805,1,G,5,1998-03-18,1.408,1.132,CRCP,,,,,,0.0,1,0,0,0.0,7.9,,1998,400.0,365.0,055805,17,18.5,1076.3,1975-08-01,AR
5,5805,1,G,5,1998-03-18,1.408,1.132,CRCP,,,,,,0.0,1,0,0,0.0,7.9,,1998,400.0,365.0,055805,17,18.5,1076.3,1975-08-01,AR
5,5805,1,G,5,1998-03-18,1.407,1.115,CRCP,,,,,,0.0,1,0,0,0.0,7.9,,1998,400.0,365.0,055805,17,18.5,1076.3,1975-08-01,AR
5,5805,1,G,5,1998-03-18,1.407,1.115,CRCP,,,,,,0.0,1,0,0,0.0,7.9,,1998,400.0,365.0,055805,17,18.5,1076.3,1975-08-01,AR
5,5805,1,G,5,1998-03-18,1.369,1.136,CRCP,,,,,,0.0,1,0,0,0.0,7.9,,1998,400.0,365.0,055805,17,18.5,1076.3,1975-08-01,AR
5,5805,1,G,5,1998-03-18,1.369,1.136,CRCP,,,,,,0.0,1,0,0,0.0,7.9,,1998,400.0,365.0,055805,17,18.5,1076.3,1975-08-01,AR
5,5805,1,G,5,2001-01-24,1.408,1.118,CRCP,,,,,,0.0,1,0,0,0.0,7.9,,2001,,21.0,055805,22,17.2,1277.6,1975-08-01,AR
5,5805,1,G,5,2001-01-24,1.387,1.089,CRCP,,,,,,0.0,1,0,0,0.0,7.9,,2001,,21.0,055805,22,17.2,1277.6,1975-08-01,AR
5,5805,1,G,5,2001-01-24,1.389,1.137,CRCP,,,,,,0.0,1,0,0,0.0,7.9,,2001,,21.0,055805,22,17.2,1277.6,1975-08-01,AR
5,5805,1,G,5,2001-01-24,1.395,1.114,CRCP,,,,,,0.0,1,0,0,0.0,7.9,,2001,,21.0,055805,22,17.2,1277.6,1975-08-01,AR
5,5805,1,G,5,2001-01-24,1.403,1.13,CRCP,,,,,,0.0,1,0,0,0.0,7.9,,2001,,21.0,055805,22,17.2,1277.6,1975-08-01,AR
5,5805,1,G,5,2003-04-10,1.448,1.189,CRCP,,,,,,0.0,1,0,0,0.0,7.9,,2003,,,055805,26,16.9,1058.1,1975-08-01,AR
5,5805,1,G,5,2003-04-10,1.448,1.187,CRCP,,,,,,0.0,1,0,0,0.0,7.9,,2003,,,055805,26,16.9,1058.1,1975-08-01,AR
5,5805,1,G,5,2003-04-10,1.421,1.191,CRCP,,,,,,0.0,1,0,0,0.0,7.9,,2003,,,055805,26,16.9,1058.1,1975-08-01,AR
5,5805,1,G,5,2003-04-10,1.449,1.174,CRCP,,,,,,0.0,1,0,0,0.0,7.9,,2003,,,055805,26,16.9,1058.1,1975-08-01,AR
5,5805,1,G,5,2003-04-10,1.401,1.172,CRCP,,,,,,0.0,1,0,0,0.0,7.9,,2003,,,055805,26,16.9,1058.1,1975-08-01,AR
5,5805,1,G,5,2005-04-05,1.441,1.142,CRCP,,,,,,,,,,,7.9,,2005,,,055805,11,17.7,972.2,1975-08-01,AR
5,5805,1,G,5,2005-04-05,1.411,1.164,CRCP,,,,,,,,,,,7.9,,2005,,,055805,11,17.7,972.2,1975-08-01,AR
5,5805,1,G,5,2005-04-05,1.415,1.174,CRCP,,,,,,,,,,,7.9,,2005,,,055805,11,17.7,972.2,1975-08-01,AR
5,5805,1,G,5,2005-04-05,1.442,1.14,CRCP,,,,,,,,,,,7.9,,2005,,,055805,11,17.7,972.2,1975-08-01,AR
5,5805,1,G,5,2005-04-05,1.444,1.174,CRCP,,,,,,,,,,,7.9,,2005,,,055805,11,17.7,972.2,1975-08-01,AR
5,5805,1,G,5,2010-02-17,1.428,1.142,CRCP,,,,,,0.0,1,0,0,0.0,7.9,,2010,,,055805,45,17.6,992.8,1975-08-01,AR
5,5805,1,G,5,2010-02-17,1.372,1.114,CRCP,,,,,,0.0,1,0,0,0.0,7.9,,2010,,,055805,45,17.6,992.8,1975-08-01,AR
5,5805,1,G,5,2010-02-17,1.425,1.173,CRCP,,,,,,0.0,1,0,0,0.0,7.9,,2010,,,055805,45,17.6,992.8,1975-08-01,AR
5,5805,1,G,5,2010-02-17,1.404,1.128,CRCP,,,,,,0.0,1,0,0,0.0,7.9,,2010,,,055805,45,17.6,992.8,1975-08-01,AR
5,5805,1,G,5,2010-02-17,1.417,1.148,CRCP,,,,,,0.0,1,0,0,0.0,7.9,,2010,,,055805,45,17.6,992.8,1975-08-01,AR
5,5805,1,G,5,2016-05-04,1.395,1.149,CRCP,,,,,,,,,,,7.9,,2016,,,055805,10,18.1,1385.9,1975-08-01,AR
5,5805,1,G,5,2016-05-04,1.41,1.191,CRCP,,,,,,,,,,,7.9,,2016,,,055805,10,18.1,1385.9,1975-08-01,AR
5,5805,1,G,5,2016-05-04,1.381,1.192,CRCP,,,,,,,,,,,7.9,,2016,,,055805,10,18.1,1385.9,1975-08-01,AR
5,5805,1,G,5,2016-05-04,1.42,1.142,CRCP,,,,,,,,,,,7.9,,2016,,,055805,10,18.1,1385.9,1975-08-01,AR
5,5805,1,G,5,2016-05-04,1.418,1.2,CRCP,,,,,,,,,,,7.9,,2016,,,055805,10,18.1,1385.9,1975-08-01,AR
