STATE_CODE,SHRP_ID,CONSTRUCTION_NO,GPS_SPS,EXPERIMENT_NO,VISIT_DATE,IRI_LEFT_WHEEL_PATH,IRI_RIGHT_WHEEL_PATH,PAVEMENT_FAMILY,HPMS16_CRACKING_PERCENT_JPCC,MEPDG_CRACKING_PERCENT_JPCC,AVG_WHEELPATH_FAULT,TRANS_SPALLING_L,TRANS_CRACK_NO,PATCH_RIGID_A,HPMS16_CRACKING_PERCENT_CRCP,MEPDG_PUNCHOUTS_CRCP,PUNCHOUTS_NO,LONG_SPALLING_L,BOUND_THICKNESS_CM,PLASTICITY_INDEX,YEAR,AADTT_LTPPLN,KESAL_YEAR,VWS_ID,FREEZE_INDEX_YR,MEAN_ANN_TEMP_AVG,TOTAL_ANN_PRECIP,CONSTRUCTION_DATE,LOAD_TRANSFER_EFFICIENCY,STATE_ABBR
26,3068,1,G,3,1989-12-14,2.152,2.316,JPCTB,,,,,,,,,,,9.1,,1989,,,263068,853,6.3,620.9,1974-10-01,73.47098214285714,MI
26,3068,1,G,3,1989-12-14,2.187,2.289,JPCTB,,,,,,,,,,,9.1,,1989,,,263068,853,6.3,620.9,1974-10-01,73.47098214285714,MI
26,3068,1,G,3,1989-12-14,2.148,2.315,JPCTB,,,,,,,,,,,9.1,,1989,,,263068,853,6.3,620.9,1974-10-01,73.47098214285714,MI
26,3068,1,G,3,1989-12-14,2.136,2.293,JPCTB,,,,,,,,,,,9.1,,1989,,,263068,853,6.3,620.9,1974-10-01,73.47098214285714,MI
26,3068,1,G,3,1989-12-14,2.18,2.263,JPCTB,,,,,,,,,,,9.1,,1989,,,263068,853,6.3,620.9,1974-10-01,73.47098214285714,MI
26,3068,1,G,3,1990-08-21,2.072,2.178,JPCTB,,,,,,,,,,,9.1,,1990,,,263068,386,8.2,934.4,1974-10-01,73.47098214285714,MI
26,3068,1,G,3,1990-08-21,2.067,2.202,JPCTB,,,,,,,,,,,9.1,,1990,,,263068,386,8.2,934.4,1974-10-01,73.47098214285714,MI
26,3068,1,G,3,1990-08-21,2.1,2.158,JPCTB,,,,,,,,,,,9.1,,1990,,,263068,386,8.2,934.4,1974-10-01,73.47098214285714,MI
26,3068,1,G,3,1990-08-21,2.098,2.08,JPCTB,,,,,,,,,,,9.1,,1990,,,263068,386,8.2,934.4,1974-10-01,73.47098214285714,MI
26,3068,1,G,3,1990-08-21,2.121,2.082,JPCTB,,,,,,,,,,,9.1,,1990,,,263068,386,8.2,934.4,1974-10-01,73.47098214285714,MI
26,3068,2,G,3,1991-07-09,1.918,2.127,JPCTB,,,,,,,,,,,9.1,,1991,,90.0,263068,560,8.3,1008.9,,,MI
26,3068,2,G,3,1991-07-09,1.963,2.139,JPCTB,,,,,,,,,,,9.1,,1991,,90.0,263068,560,8.3,1008.9,,,MI
26,3068,2,G,3,1991-07-09,1.913,2.073,JPCTB,,,,,,,,,,,9.1,,1991,,90.0,263068,560,8.3,1008.9,,,MI
26,3068,2,G,3,1991-07-09,1.975,2.091,JPCTB,,,,,,,,,,,9.1,,1991,,90.0,263068,560,8.3,1008.9,,,MI
26,3068,2,G,3,1991-07-09,1.934,2.162,JPCTB,,,,,,,,,,,9.1,,1991,,90.0,263068,560,8.3,1008.9,,,MI
26,3068,3,G,3,1992-09-25,1.953,2.417,JPCTB,,,,,,,,,,,9.1,,1992,220.0,137.0,263068,445,6.7,851.1,,64.70833333333333,MI
26,3068,3,G,3,1992-09-25,1.953,2.417,JPCTB,,,,,,,,,,,9.1,,1992,220.0,137.0,263068,445,6.7,851.1,,64.70833333333333,MI
26,3068,3,G,3,1992-09-25,1.957,2.419,JPCTB,,,,,,,,,,,9.1,,1992,220.0,137.0,263068,445,6.7,851.1,,64.70833333333333,MI
26,3068,3,G,3,1992-09-25,1.957,2.419,JPCTB,,,,,,,,,,,9.1,,1992,220.0,137.0,263068,445,6.7,851.1,,64.70833333333333,MI
26,3068,3,G,3,1992-09-25,1.925,2.389,JPCTB,,,,,,,,,,,9.1,,1992,220.0,137.0,263068,445,6.7,851.1,,64.70833333333333,MI
26,3068,3,G,3,1992-09-25,1.925,2.389,JPCTB,,,,,,,,,,,9.1,,1992,220.0,137.0,263068,445,6.7,851.1,,64.70833333333333,MI
26,3068,3,G,3,1992-09-25,1.987,2.303,JPCTB,,,,,,,,,,,9.1,,1992,220.0,137.0,263068,445,6.7,851.1,,64.70833333333333,MI
26,3068,3,G,3,1992-09-25,1.987,2.303,JPCTB,,,,,,,,,,,9.1,,1992,220.0,137.0,263068,445,6.7,851.1,,64.70833333333333,MI
26,3068,3,G,3,1992-09-25,1.945,2.366,JPCTB,,,,,,,,,,,9.1,,1992,220.0,137.0,263068,445,6.7,851.1,,64.70833333333333,MI
26,3068,3,G,3,1992-09-25,1.945,2.366,JPCTB,,,,,,,,,,,9.1,,1992,220.0,137.0,263068,445,6.7,851.1,,64.70833333333333,MI
26,3068,3,G,3,1993-05-17,2.014,1.947,JPCTB,,,,,,,,,,,9.1,,1993,390.0,162.0,263068,617,6.9,755.4,,64.70833333333333,MI
26,3068,3,G,3,1993-05-17,2.014,1.947,JPCTB,,,,,,,,,,,9.1,,1993,390.0,162.0,263068,617,6.9,755.4,,64.70833333333333,MI
26,3068,3,G,3,1993-05-17,2.009,2.101,JPCTB,,,,,,,,,,,9.1,,1993,390.0,162.0,263068,617,6.9,755.4,,64.70833333333333,MI
26,3068,3,G,3,1993-05-17,2.009,2.101,JPCTB,,,,,,,,,,,9.1,,1993,390.0,162.0,263068,617,6.9,755.4,,64.70833333333333,MI
26,3068,3,G,3,1993-05-17,2.019,2.126,JPCTB,,,,,,,,,,,9.1,,1993,390.0,162.0,263068,617,6.9,755.4,,64.70833333333333,MI
26,3068,3,G,3,1993-05-17,2.019,2.126,JPCTB,,,,,,,,,,,9.1,,1993,390.0,162.0,263068,617,6.9,755.4,,64.70833333333333,MI
26,3068,3,G,3,1993-05-17,2.023,2.0,JPCTB,,,,,,,,,,,9.1,,1993,390.0,162.0,263068,617,6.9,755.4,,64.70833333333333,MI
26,3068,3,G,3,1993-05-17,2.023,2.0,JPCTB,,,,,,,,,,,9.1,,1993,390.0,162.0,263068,617,6.9,755.4,,64.70833333333333,MI
26,3068,3,G,3,1993-05-17,1.98,2.064,JPCTB,,,,,,,,,,,9.1,,1993,390.0,162.0,263068,617,6.9,755.4,,64.70833333333333,MI
26,3068,3,G,3,1993-05-17,1.98,2.064,JPCTB,,,,,,,,,,,9.1,,1993,390.0,162.0,263068,617,6.9,755.4,,64.70833333333333,MI
26,3069,1,G,3,1989-12-14,1.402,1.351,JPCUB,,,,,,,,,,,9.2,,1989,,,263069,853,6.3,621.1,1974-01-01,78.36875,MI
26,3069,1,G,3,1989-12-14,1.365,1.301,JPCUB,,,,,,,,,,,9.2,,1989,,,263069,853,6.3,621.1,1974-01-01,78.36875,MI
26,3069,1,G,3,1989-12-14,1.314,1.407,JPCUB,,,,,,,,,,,9.2,,1989,,,263069,853,6.3,621.1,1974-01-01,78.36875,MI
26,3069,1,G,3,1989-12-14,1.34,1.341,JPCUB,,,,,,,,,,,9.2,,1989,,,263069,853,6.3,621.1,1974-01-01,78.36875,MI
26,3069,1,G,3,1989-12-14,1.362,1.427,JPCUB,,,,,,,,,,,9.2,,1989,,,263069,853,6.3,621.1,1974-01-01,78.36875,MI
26,3069,1,G,3,1990-08-21,1.386,1.268,JPCUB,,,,,,,,,,,9.2,,1990,,,263069,386,8.2,934.1,1974-01-01,78.36875,MI
26,3069,1,G,3,1990-08-21,1.398,1.275,JPCUB,,,,,,,,,,,9.2,,1990,,,263069,386,8.2,934.1,1974-01-01,78.36875,MI
26,3069,1,G,3,1990-08-21,1.304,1.316,JPCUB,,,,,,,,,,,9.2,,1990,,,263069,386,8.2,934.1,1974-01-01,78.36875,MI
26,3069,1,G,3,1990-08-21,1.311,1.312,JPCUB,,,,,,,,,,,9.2,,1990,,,263069,386,8.2,934.1,1974-01-01,78.36875,MI
26,3069,1,G,3,1990-08-21,1.338,1.278,JPCUB,,,,,,,,,,,9.2,,1990,,,263069,386,8.2,934.1,1974-01-01,78.36875,MI
26,3069,1,G,3,1991-07-09,1.399,1.309,JPCUB,,,,,,,,,,,9.2,,1991,,45.0,263069,560,8.3,1008.6,1974-01-01,,MI
26,3069,1,G,3,1991-07-09,1.364,1.331,JPCUB,,,,,,,,,,,9.2,,1991,,45.0,263069,560,8.3,1008.6,1974-01-01,,MI
26,3069,1,G,3,1991-07-09,1.406,1.325,JPCUB,,,,,,,,,,,9.2,,1991,,45.0,263069,560,8.3,1008.6,1974-01-01,,MI
26,3069,1,G,3,1991-07-09,1.396,1.334,JPCUB,,,,,,,,,,,9.2,,1991,,45.0,263069,560,8.3,1008.6,1974-01-01,,MI
26,3069,1,G,3,1991-07-09,1.424,1.27,JPCUB,,,,,,,,,,,9.2,,1991,,45.0,263069,560,8.3,1008.6,1974-01-01,,MI
26,3069,1,G,3,1992-09-25,1.331,1.238,JPCUB,,,,,,,,,,,9.2,,1992,220.0,69.0,263069,445,6.7,851.5,1974-01-01,,MI
26,3069,1,G,3,1992-09-25,1.331,1.238,JPCUB,,,,,,,,,,,9.2,,1992,220.0,69.0,263069,445,6.7,851.5,1974-01-01,,MI
26,3069,1,G,3,1992-09-25,1.29,1.256,JPCUB,,,,,,,,,,,9.2,,1992,220.0,69.0,263069,445,6.7,851.5,1974-01-01,,MI
26,3069,1,G,3,1992-09-25,1.29,1.256,JPCUB,,,,,,,,,,,9.2,,1992,220.0,69.0,263069,445,6.7,851.5,1974-01-01,,MI
26,3069,1,G,3,1992-09-25,1.339,1.255,JPCUB,,,,,,,,,,,9.2,,1992,220.0,69.0,263069,445,6.7,851.5,1974-01-01,,MI
26,3069,1,G,3,1992-09-25,1.339,1.255,JPCUB,,,,,,,,,,,9.2,,1992,220.0,69.0,263069,445,6.7,851.5,1974-01-01,,MI
26,3069,1,G,3,1992-09-25,1.32,1.248,JPCUB,,,,,,,,,,,9.2,,1992,220.0,69.0,263069,445,6.7,851.5,1974-01-01,,MI
26,3069,1,G,3,1992-09-25,1.32,1.248,JPCUB,,,,,,,,,,,9.2,,1992,220.0,69.0,263069,445,6.7,851.5,1974-01-01,,MI
26,3069,1,G,3,1992-09-25,1.341,1.26,JPCUB,,,,,,,,,,,9.2,,1992,220.0,69.0,263069,445,6.7,851.5,1974-01-01,,MI
26,3069,1,G,3,1992-09-25,1.341,1.26,JPCUB,,,,,,,,,,,9.2,,1992,220.0,69.0,263069,445,6.7,851.5,1974-01-01,,MI
26,3069,1,G,3,1993-05-17,1.303,1.27,JPCUB,0.0,0.0,0.7,0.0,0.0,0.0,,,,,9.2,,1993,390.0,162.0,263069,617,6.9,755.1,1974-01-01,78.75,MI
26,3069,1,G,3,1993-05-17,1.303,1.27,JPCUB,0.0,0.0,0.7,0.0,0.0,0.0,,,,,9.2,,1993,390.0,162.0,263069,617,6.9,755.1,1974-01-01,78.75,MI
26,3069,1,G,3,1993-05-17,1.336,1.227,JPCUB,0.0,0.0,0.7,0.0,0.0,0.0,,,,,9.2,,1993,390.0,162.0,263069,617,6.9,755.1,1974-01-01,78.75,MI
26,3069,1,G,3,1993-05-17,1.336,1.227,JPCUB,0.0,0.0,0.7,0.0,0.0,0.0,,,,,9.2,,1993,390.0,162.0,263069,617,6.9,755.1,1974-01-01,78.75,MI
26,3069,1,G,3,1993-05-17,1.302,1.267,JPCUB,0.0,0.0,0.7,0.0,0.0,0.0,,,,,9.2,,1993,390.0,162.0,263069,617,6.9,755.1,1974-01-01,78.75,MI
26,3069,1,G,3,1993-05-17,1.302,1.267,JPCUB,0.0,0.0,0.7,0.0,0.0,0.0,,,,,9.2,,1993,390.0,162.0,263069,617,6.9,755.1,1974-01-01,78.75,MI
26,3069,1,G,3,1993-05-17,1.363,1.198,JPCUB,0.0,0.0,0.7,0.0,0.0,0.0,,,,,9.2,,1993,390.0,162.0,263069,617,6.9,755.1,1974-01-01,78.75,MI
26,3069,1,G,3,1993-05-17,1.363,1.198,JPCUB,0.0,0.0,0.7,0.0,0.0,0.0,,,,,9.2,,1993,390.0,162.0,263069,617,6.9,755.1,1974-01-01,78.75,MI
26,3069,1,G,3,1993-05-17,1.285,1.263,JPCUB,0.0,0.0,0.7,0.0,0.0,0.0,,,,,9.2,,1993,390.0,162.0,263069,617,6.9,755.1,1974-01-01,78.75,MI
26,3069,1,G,3,1993-05-17,1.285,1.263,JPCUB,0.0,0.0,0.7,0.0,0.0,0.0,,,,,9.2,,1993,390.0,162.0,263069,617,6.9,755.1,1974-01-01,78.75,MI
26,3069,1,G,3,1994-07-06,1.368,1.27,JPCUB,0.0,0.0,0.7,0.0,0.0,0.0,,,,,9.2,,1994,460.0,165.0,263069,808,7.1,834.1,1974-01-01,78.75,MI
26,3069,1,G,3,1994-07-06,1.368,1.27,JPCUB,0.0,0.0,0.7,0.0,0.0,0.0,,,,,9.2,,1994,460.0,165.0,263069,808,7.1,834.1,1974-01-01,78.75,MI
26,3069,1,G,3,1994-07-06,1.368,1.27,JPCUB,0.0,0.0,0.7,0.0,0.0,0.0,,,,,9.2,,1994,460.0,165.0,263069,808,7.1,834.1,1974-01-01,78.75,MI
26,3069,1,G,3,1994-07-06,1.367,1.229,JPCUB,0.0,0.0,0.7,0.0,0.0,0.0,,,,,9.2,,1994,460.0,165.0,263069,808,7.1,834.1,1974-01-01,78.75,MI
26,3069,1,G,3,1994-07-06,1.367,1.229,JPCUB,0.0,0.0,0.7,0.0,0.0,0.0,,,,,9.2,,1994,460.0,165.0,263069,808,7.1,834.1,1974-01-01,78.75,MI
26,3069,1,G,3,1994-07-06,1.367,1.229,JPCUB,0.0,0.0,0.7,0.0,0.0,0.0,,,,,9.2,,1994,460.0,165.0,263069,808,7.1,834.1,1974-01-01,78.75,MI
26,3069,1,G,3,1994-07-06,1.374,1.271,JPCUB,0.0,0.0,0.7,0.0,0.0,0.0,,,,,9.2,,1994,460.0,165.0,263069,808,7.1,834.1,1974-01-01,78.75,MI
26,3069,1,G,3,1994-07-06,1.374,1.271,JPCUB,0.0,0.0,0.7,0.0,0.0,0.0,,,,,9.2,,1994,460.0,165.0,263069,808,7.1,834.1,1974-01-01,78.75,MI
26,3069,1,G,3,1994-07-06,1.374,1.271,JPCUB,0.0,0.0,0.7,0.0,0.0,0.0,,,,,9.2,,1994,460.0,165.0,263069,808,7.1,834.1,1974-01-01,78.75,MI
26,3069,1,G,3,1994-07-06,1.356,1.281,JPCUB,0.0,0.0,0.7,0.0,0.0,0.0,,,,,9.2,,1994,460.0,165.0,263069,808,7.1,834.1,1974-01-01,78.75,MI
26,3069,1,G,3,1994-07-06,1.356,1.281,JPCUB,0.0,0.0,0.7,0.0,0.0,0.0,,,,,9.2,,1994,460.0,165.0,263069,808,7.1,834.1,1974-01-01,78.75,MI
26,3069,1,G,3,1994-07-06,1.356,1.281,JPCUB,0.0,0.0,0.7,0.0,0.0,0.0,,,,,9.2,,1994,460.0,165.0,263069,808,7.1,834.1,1974-01-01,78.75,MI
26,3069,1,G,3,1994-07-06,1.319,1.236,JPCUB,0.0,0.0,0.7,0.0,0.0,0.0,,,,,9.2,,1994,460.0,165.0,263069,808,7.1,834.1,1974-01-01,78.75,MI
26,3069,1,G,3,1994-07-06,1.319,1.236,JPCUB,0.0,0.0,0.7,0.0,0.0,0.0,,,,,9.2,,1994,460.0,165.0,263069,808,7.1,834.1,1974-01-01,78.75,MI
26,3069,1,G,3,1994-07-06,1.319,1.236,JPCUB,0.0,0.0,0.7,0.0,0.0,0.0,,,,,9.2,,1994,460.0,165.0,263069,808,7.1,834.1,1974-01-01,78.75,MI
26,3069,1,G,3,1997-06-14,1.516,1.275,JPCUB,,,,,,,,,,,9.2,,1997,520.0,184.0,263069,562,6.5,710.7,1974-01-01,,MI
26,3069,1,G,3,1997-06-14,1.516,1.275,JPCUB,,,,,,,,,,,9.2,,1997,520.0,184.0,263069,562,6.5,710.7,1974-01-01,,MI
26,3069,1,G,3,1997-06-14,1.516,1.275,JPCUB,,,,,,,,,,,9.2,,1997,520.0,184.0,263069,562,6.5,710.7,1974-01-01,,MI
26,3069,1,G,3,1997-06-14,1.513,1.275,JPCUB,,,,,,,,,,,9.2,,1997,520.0,184.0,263069,562,6.5,710.7,1974-01-01,,MI
26,3069,1,G,3,1997-06-14,1.513,1.275,JPCUB,,,,,,,,,,,9.2,,1997,520.0,184.0,263069,562,6.5,710.7,1974-01-01,,MI
26,3069,1,G,3,1997-06-14,1.513,1.275,JPCUB,,,,,,,,,,,9.2,,1997,520.0,184.0,263069,562,6.5,710.7,1974-01-01,,MI
26,3069,1,G,3,1997-06-14,1.471,1.258,JPCUB,,,,,,,,,,,9.2,,1997,520.0,184.0,263069,562,6.5,710.7,1974-01-01,,MI
26,3069,1,G,3,1997-06-14,1.471,1.258,JPCUB,,,,,,,,,,,9.2,,1997,520.0,184.0,263069,562,6.5,710.7,1974-01-01,,MI
26,3069,1,G,3,1997-06-14,1.471,1.258,JPCUB,,,,,,,,,,,9.2,,1997,520.0,184.0,263069,562,6.5,710.7,1974-01-01,,MI
26,3069,1,G,3,1997-06-14,1.485,1.262,JPCUB,,,,,,,,,,,9.2,,1997,520.0,184.0,263069,562,6.5,710.7,1974-01-01,,MI
26,3069,1,G,3,1997-06-14,1.485,1.262,JPCUB,,,,,,,,,,,9.2,,1997,520.0,184.0,263069,562,6.5,710.7,1974-01-01,,MI
26,3069,1,G,3,1997-06-14,1.485,1.262,JPCUB,,,,,,,,,,,9.2,,1997,520.0,184.0,263069,562,6.5,710.7,1974-01-01,,MI
26,3069,1,G,3,1997-06-14,1.507,1.247,JPCUB,,,,,,,,,,,9.2,,1997,520.0,184.0,263069,562,6.5,710.7,1974-01-01,,MI
26,3069,1,G,3,1997-06-14,1.507,1.247,JPCUB,,,,,,,,,,,9.2,,1997,520.0,184.0,263069,562,6.5,710.7,1974-01-01,,MI
26,3069,1,G,3,1997-06-14,1.507,1.247,JPCUB,,,,,,,,,,,9.2,,1997,520.0,184.0,263069,562,6.5,710.7,1974-01-01,,MI
26,3069,2,G,3,1998-11-04,1.271,1.386,JPCUB,,,,,,,,,,,9.2,,1998,580.0,335.0,263069,343,9.1,767.7,,,MI
26,3069,2,G,3,1998-11-04,1.271,1.386,JPCUB,,,,,,,,,,,9.2,,1998,580.0,335.0,263069,343,9.1,767.7,,,MI
26,3069,2,G,3,1998-11-04,1.379,1.384,JPCUB,,,,,,,,,,,9.2,,1998,580.0,335.0,263069,343,9.1,767.7,,,MI
26,3069,2,G,3,1998-11-04,1.379,1.384,JPCUB,,,,,,,,,,,9.2,,1998,580.0,335.0,263069,343,9.1,767.7,,,MI
26,3069,2,G,3,1998-11-04,1.353,1.403,JPCUB,,,,,,,,,,,9.2,,1998,580.0,335.0,263069,343,9.1,767.7,,,MI
26,3069,2,G,3,1998-11-04,1.353,1.403,JPCUB,,,,,,,,,,,9.2,,1998,580.0,335.0,263069,343,9.1,767.7,,,MI
26,3069,2,G,3,1998-11-04,1.388,1.387,JPCUB,,,,,,,,,,,9.2,,1998,580.0,335.0,263069,343,9.1,767.7,,,MI
26,3069,2,G,3,1998-11-04,1.388,1.387,JPCUB,,,,,,,,,,,9.2,,1998,580.0,335.0,263069,343,9.1,767.7,,,MI
26,3069,2,G,3,1998-11-04,1.319,1.397,JPCUB,,,,,,,,,,,9.2,,1998,580.0,335.0,263069,343,9.1,767.7,,,MI
26,3069,2,G,3,1998-11-04,1.319,1.397,JPCUB,,,,,,,,,,,9.2,,1998,580.0,335.0,263069,343,9.1,767.7,,,MI
26,3069,2,G,3,1999-04-14,1.533,1.324,JPCUB,,,,,,,,,,,9.2,,1999,,184.0,263069,496,8.3,821.9,,,MI
26,3069,2,G,3,1999-04-14,1.569,1.329,JPCUB,,,,,,,,,,,9.2,,1999,,184.0,263069,496,8.3,821.9,,,MI
26,3069,2,G,3,1999-04-14,1.524,1.325,JPCUB,,,,,,,,,,,9.2,,1999,,184.0,263069,496,8.3,821.9,,,MI
26,3069,2,G,3,1999-04-14,1.586,1.354,JPCUB,,,,,,,,,,,9.2,,1999,,184.0,263069,496,8.3,821.9,,,MI
26,3069,2,G,3,1999-04-14,1.533,1.325,JPCUB,,,,,,,,,,,9.2,,1999,,184.0,263069,496,8.3,821.9,,,MI
26,3069,2,G,3,2000-04-18,1.347,1.296,JPCUB,,,,,,,,,,,9.2,,2000,600.0,146.0,263069,649,7.6,815.5,,,MI
26,3069,2,G,3,2000-04-18,1.347,1.296,JPCUB,,,,,,,,,,,9.2,,2000,600.0,146.0,263069,649,7.6,815.5,,,MI
26,3069,2,G,3,2000-04-18,1.379,1.291,JPCUB,,,,,,,,,,,9.2,,2000,600.0,146.0,263069,649,7.6,815.5,,,MI
26,3069,2,G,3,2000-04-18,1.379,1.291,JPCUB,,,,,,,,,,,9.2,,2000,600.0,146.0,263069,649,7.6,815.5,,,MI
26,3069,2,G,3,2000-04-18,1.448,1.282,JPCUB,,,,,,,,,,,9.2,,2000,600.0,146.0,263069,649,7.6,815.5,,,MI
26,3069,2,G,3,2000-04-18,1.448,1.282,JPCUB,,,,,,,,,,,9.2,,2000,600.0,146.0,263069,649,7.6,815.5,,,MI
26,3069,2,G,3,2000-04-18,1.498,1.309,JPCUB,,,,,,,,,,,9.2,,2000,600.0,146.0,263069,649,7.6,815.5,,,MI
26,3069,2,G,3,2000-04-18,1.498,1.309,JPCUB,,,,,,,,,,,9.2,,2000,600.0,146.0,263069,649,7.6,815.5,,,MI
26,3069,2,G,3,2000-04-18,1.458,1.305,JPCUB,,,,,,,,,,,9.2,,2000,600.0,146.0,263069,649,7.6,815.5,,,MI
26,3069,2,G,3,2000-04-18,1.458,1.305,JPCUB,,,,,,,,,,,9.2,,2000,600.0,146.0,263069,649,7.6,815.5,,,MI
26,3069,2,G,3,2001-07-10,1.269,1.365,JPCUB,,,,,,,,,,,9.2,,2001,510.0,473.0,263069,399,8.7,892.5,,,MI
26,3069,2,G,3,2001-07-10,1.269,1.365,JPCUB,,,,,,,,,,,9.2,,2001,510.0,473.0,263069,399,8.7,892.5,,,MI
26,3069,2,G,3,2001-07-10,1.269,1.365,JPCUB,,,,,,,,,,,9.2,,2001,510.0,473.0,263069,399,8.7,892.5,,,MI
26,3069,2,G,3,2001-07-10,1.248,1.371,JPCUB,,,,,,,,,,,9.2,,2001,510.0,473.0,263069,399,8.7,892.5,,,MI
26,3069,2,G,3,2001-07-10,1.248,1.371,JPCUB,,,,,,,,,,,9.2,,2001,510.0,473.0,263069,399,8.7,892.5,,,MI
26,3069,2,G,3,2001-07-10,1.248,1.371,JPCUB,,,,,,,,,,,9.2,,2001,510.0,473.0,263069,399,8.7,892.5,,,MI
26,3069,2,G,3,2001-07-10,1.276,1.383,JPCUB,,,,,,,,,,,9.2,,2001,510.0,473.0,263069,399,8.7,892.5,,,MI
26,3069,2,G,3,2001-07-10,1.276,1.383,JPCUB,,,,,,,,,,,9.2,,2001,510.0,473.0,263069,399,8.7,892.5,,,MI
26,3069,2,G,3,2001-07-10,1.276,1.383,JPCUB,,,,,,,,,,,9.2,,2001,510.0,473.0,263069,399,8.7,892.5,,,MI
26,3069,2,G,3,2001-07-10,1.246,1.409,JPCUB,,,,,,,,,,,9.2,,2001,510.0,473.0,263069,399,8.7,892.5,,,MI
26,3069,2,G,3,2001-07-10,1.246,1.409,JPCUB,,,,,,,,,,,9.2,,2001,510.0,473.0,263069,399,8.7,892.5,,,MI
26,3069,2,G,3,2001-07-10,1.246,1.409,JPCUB,,,,,,,,,,,9.2,,2001,510.0,473.0,263069,399,8.7,892.5,,,MI
26,3069,2,G,3,2001-07-10,1.248,1.412,JPCUB,,,,,,,,,,,9.2,,2001,510.0,473.0,263069,399,8.7,892.5,,,MI
26,3069,2,G,3,2001-07-10,1.248,1.412,JPCUB,,,,,,,,,,,9.2,,2001,510.0,473.0,263069,399,8.7,892.5,,,MI
26,3069,2,G,3,2001-07-10,1.248,1.412,JPCUB,,,,,,,,,,,9.2,,2001,510.0,473.0,263069,399,8.7,892.5,,,MI
26,3069,3,G,3,2002-05-28,1.504,1.327,JPCUB,0.0,0.0,0.2,0.5,0.0,0.0,,,,,9.2,,2002,410.0,722.0,263069,408,8.1,726.4,,74.23055555555555,MI
26,3069,3,G,3,2002-05-28,1.504,1.327,JPCUB,0.0,0.0,0.2,0.5,0.0,0.0,,,,,9.2,,2002,410.0,722.0,263069,408,8.1,726.4,,74.23055555555555,MI
26,3069,3,G,3,2002-05-28,1.504,1.327,JPCUB,0.0,0.0,0.2,0.5,0.0,0.0,,,,,9.2,,2002,410.0,722.0,263069,408,8.1,726.4,,74.23055555555555,MI
26,3069,3,G,3,2002-05-28,1.554,1.37,JPCUB,0.0,0.0,0.2,0.5,0.0,0.0,,,,,9.2,,2002,410.0,722.0,263069,408,8.1,726.4,,74.23055555555555,MI
26,3069,3,G,3,2002-05-28,1.554,1.37,JPCUB,0.0,0.0,0.2,0.5,0.0,0.0,,,,,9.2,,2002,410.0,722.0,263069,408,8.1,726.4,,74.23055555555555,MI
26,3069,3,G,3,2002-05-28,1.554,1.37,JPCUB,0.0,0.0,0.2,0.5,0.0,0.0,,,,,9.2,,2002,410.0,722.0,263069,408,8.1,726.4,,74.23055555555555,MI
26,3069,3,G,3,2002-05-28,1.507,1.377,JPCUB,0.0,0.0,0.2,0.5,0.0,0.0,,,,,9.2,,2002,410.0,722.0,263069,408,8.1,726.4,,74.23055555555555,MI
26,3069,3,G,3,2002-05-28,1.507,1.377,JPCUB,0.0,0.0,0.2,0.5,0.0,0.0,,,,,9.2,,2002,410.0,722.0,263069,408,8.1,726.4,,74.23055555555555,MI
26,3069,3,G,3,2002-05-28,1.507,1.377,JPCUB,0.0,0.0,0.2,0.5,0.0,0.0,,,,,9.2,,2002,410.0,722.0,263069,408,8.1,726.4,,74.23055555555555,MI
26,3069,3,G,3,2002-05-28,1.533,1.299,JPCUB,0.0,0.0,0.2,0.5,0.0,0.0,,,,,9.2,,2002,410.0,722.0,263069,408,8.1,726.4,,74.23055555555555,MI
26,3069,3,G,3,2002-05-28,1.533,1.299,JPCUB,0.0,0.0,0.2,0.5,0.0,0.0,,,,,9.2,,2002,410.0,722.0,263069,408,8.1,726.4,,74.23055555555555,MI
26,3069,3,G,3,2002-05-28,1.533,1.299,JPCUB,0.0,0.0,0.2,0.5,0.0,0.0,,,,,9.2,,2002,410.0,722.0,263069,408,8.1,726.4,,74.23055555555555,MI
26,3069,3,G,3,2002-05-28,1.506,1.381,JPCUB,0.0,0.0,0.2,0.5,0.0,0.0,,,,,9.2,,2002,410.0,722.0,263069,408,8.1,726.4,,74.23055555555555,MI
26,3069,3,G,3,2002-05-28,1.506,1.381,JPCUB,0.0,0.0,0.2,0.5,0.0,0.0,,,,,9.2,,2002,410.0,722.0,263069,408,8.1,726.4,,74.23055555555555,MI
26,3069,3,G,3,2002-05-28,1.506,1.381,JPCUB,0.0,0.0,0.2,0.5,0.0,0.0,,,,,9.2,,2002,410.0,722.0,263069,408,8.1,726.4,,74.23055555555555,MI
26,4015,1,G,4,1989-11-28,1.499,1.737,JRCP,,,,,,,,,,,9.7,,1989,,,264015,597,8.0,744.9,1985-06-01,95.05681818181819,MI
26,4015,1,G,4,1989-11-28,1.479,1.716,JRCP,,,,,,,,,,,9.7,,1989,,,264015,597,8.0,744.9,1985-06-01,95.05681818181819,MI
26,4015,1,G,4,1989-11-28,1.46,1.723,JRCP,,,,,,,,,,,9.7,,1989,,,264015,597,8.0,744.9,1985-06-01,95.05681818181819,MI
26,4015,1,G,4,1989-11-28,1.454,1.735,JRCP,,,,,,,,,,,9.7,,1989,,,264015,597,8.0,744.9,1985-06-01,95.05681818181819,MI
26,4015,1,G,4,1989-11-28,1.492,1.692,JRCP,,,,,,,,,,,9.7,,1989,,,264015,597,8.0,744.9,1985-06-01,95.05681818181819,MI
26,4015,1,G,4,1990-07-23,1.505,1.692,JRCP,,,,,,,,,,,9.7,,1990,,,264015,235,9.6,926.7,1985-06-01,95.05681818181819,MI
26,4015,1,G,4,1990-07-23,1.539,1.688,JRCP,,,,,,,,,,,9.7,,1990,,,264015,235,9.6,926.7,1985-06-01,95.05681818181819,MI
26,4015,1,G,4,1990-07-23,1.507,1.716,JRCP,,,,,,,,,,,9.7,,1990,,,264015,235,9.6,926.7,1985-06-01,95.05681818181819,MI
26,4015,1,G,4,1990-07-23,1.535,1.719,JRCP,,,,,,,,,,,9.7,,1990,,,264015,235,9.6,926.7,1985-06-01,95.05681818181819,MI
26,4015,1,G,4,1990-07-23,1.533,1.697,JRCP,,,,,,,,,,,9.7,,1990,,,264015,235,9.6,926.7,1985-06-01,95.05681818181819,MI
26,4015,1,G,4,1990-08-20,1.588,1.728,JRCP,,,,,,,,,,,9.7,,1990,,,264015,235,9.6,926.7,1985-06-01,95.05681818181819,MI
26,4015,1,G,4,1990-08-20,1.499,1.759,JRCP,,,,,,,,,,,9.7,,1990,,,264015,235,9.6,926.7,1985-06-01,95.05681818181819,MI
26,4015,1,G,4,1990-08-20,1.502,1.715,JRCP,,,,,,,,,,,9.7,,1990,,,264015,235,9.6,926.7,1985-06-01,95.05681818181819,MI
26,4015,1,G,4,1990-08-20,1.544,1.723,JRCP,,,,,,,,,,,9.7,,1990,,,264015,235,9.6,926.7,1985-06-01,95.05681818181819,MI
26,4015,1,G,4,1990-08-20,1.502,1.73,JRCP,,,,,,,,,,,9.7,,1990,,,264015,235,9.6,926.7,1985-06-01,95.05681818181819,MI
26,4015,1,G,4,1991-06-27,1.52,1.753,JRCP,,,,,,,,,,,9.7,,1991,,,264015,377,9.7,714.6,1985-06-01,,MI
26,4015,1,G,4,1991-06-27,1.528,1.723,JRCP,,,,,,,,,,,9.7,,1991,,,264015,377,9.7,714.6,1985-06-01,,MI
26,4015,1,G,4,1991-06-27,1.551,1.722,JRCP,,,,,,,,,,,9.7,,1991,,,264015,377,9.7,714.6,1985-06-01,,MI
26,4015,1,G,4,1991-06-27,1.578,1.726,JRCP,,,,,,,,,,,9.7,,1991,,,264015,377,9.7,714.6,1985-06-01,,MI
26,4015,1,G,4,1991-06-27,1.571,1.751,JRCP,,,,,,,,,,,9.7,,1991,,,264015,377,9.7,714.6,1985-06-01,,MI
26,4015,1,G,4,1992-09-24,1.53,1.751,JRCP,,,,,,,,,,,9.7,,1992,,188.0,264015,311,8.2,971.6,1985-06-01,,MI
26,4015,1,G,4,1992-09-24,1.503,1.739,JRCP,,,,,,,,,,,9.7,,1992,,188.0,264015,311,8.2,971.6,1985-06-01,,MI
26,4015,1,G,4,1992-09-24,1.538,1.706,JRCP,,,,,,,,,,,9.7,,1992,,188.0,264015,311,8.2,971.6,1985-06-01,,MI
26,4015,1,G,4,1992-09-24,1.52,1.773,JRCP,,,,,,,,,,,9.7,,1992,,188.0,264015,311,8.2,971.6,1985-06-01,,MI
26,4015,1,G,4,1992-09-24,1.522,1.747,JRCP,,,,,,,,,,,9.7,,1992,,188.0,264015,311,8.2,971.6,1985-06-01,,MI
26,4015,1,G,4,1993-12-09,1.479,1.745,JRCP,0.0,,0.3,0.0,0.0,0.0,,,,,9.7,,1993,1050.0,340.0,264015,432,8.6,811.7,1985-06-01,83.28030303030303,MI
26,4015,1,G,4,1993-12-09,1.479,1.745,JRCP,0.0,,0.3,0.0,0.0,0.0,,,,,9.7,,1993,1050.0,340.0,264015,432,8.6,811.7,1985-06-01,83.28030303030303,MI
26,4015,1,G,4,1993-12-09,1.543,1.691,JRCP,0.0,,0.3,0.0,0.0,0.0,,,,,9.7,,1993,1050.0,340.0,264015,432,8.6,811.7,1985-06-01,83.28030303030303,MI
26,4015,1,G,4,1993-12-09,1.543,1.691,JRCP,0.0,,0.3,0.0,0.0,0.0,,,,,9.7,,1993,1050.0,340.0,264015,432,8.6,811.7,1985-06-01,83.28030303030303,MI
26,4015,1,G,4,1993-12-09,1.48,1.718,JRCP,0.0,,0.3,0.0,0.0,0.0,,,,,9.7,,1993,1050.0,340.0,264015,432,8.6,811.7,1985-06-01,83.28030303030303,MI
26,4015,1,G,4,1993-12-09,1.48,1.718,JRCP,0.0,,0.3,0.0,0.0,0.0,,,,,9.7,,1993,1050.0,340.0,264015,432,8.6,811.7,1985-06-01,83.28030303030303,MI
26,4015,1,G,4,1993-12-09,1.51,1.706,JRCP,0.0,,0.3,0.0,0.0,0.0,,,,,9.7,,1993,1050.0,340.0,264015,432,8.6,811.7,1985-06-01,83.28030303030303,MI
26,4015,1,G,4,1993-12-09,1.51,1.706,JRCP,0.0,,0.3,0.0,0.0,0.0,,,,,9.7,,1993,1050.0,340.0,264015,432,8.6,811.7,1985-06-01,83.28030303030303,MI
26,4015,1,G,4,1993-12-09,1.5,1.73,JRCP,0.0,,0.3,0.0,0.0,0.0,,,,,9.7,,1993,1050.0,340.0,264015,432,8.6,811.7,1985-06-01,83.28030303030303,MI
26,4015,1,G,4,1993-12-09,1.5,1.73,JRCP,0.0,,0.3,0.0,0.0,0.0,,,,,9.7,,1993,1050.0,340.0,264015,432,8.6,811.7,1985-06-01,83.28030303030303,MI
26,4015,1,G,4,1994-07-05,1.564,1.732,JRCP,0.0,,0.3,0.0,0.0,0.0,,,,,9.7,,1994,1240.0,400.0,264015,593,8.7,849.6,1985-06-01,83.28030303030303,MI
26,4015,1,G,4,1994-07-05,1.564,1.732,JRCP,0.0,,0.3,0.0,0.0,0.0,,,,,9.7,,1994,1240.0,400.0,264015,593,8.7,849.6,1985-06-01,83.28030303030303,MI
26,4015,1,G,4,1994-07-05,1.564,1.732,JRCP,0.0,,0.3,0.0,0.0,0.0,,,,,9.7,,1994,1240.0,400.0,264015,593,8.7,849.6,1985-06-01,83.28030303030303,MI
26,4015,1,G,4,1994-07-05,1.499,1.731,JRCP,0.0,,0.3,0.0,0.0,0.0,,,,,9.7,,1994,1240.0,400.0,264015,593,8.7,849.6,1985-06-01,83.28030303030303,MI
26,4015,1,G,4,1994-07-05,1.499,1.731,JRCP,0.0,,0.3,0.0,0.0,0.0,,,,,9.7,,1994,1240.0,400.0,264015,593,8.7,849.6,1985-06-01,83.28030303030303,MI
26,4015,1,G,4,1994-07-05,1.499,1.731,JRCP,0.0,,0.3,0.0,0.0,0.0,,,,,9.7,,1994,1240.0,400.0,264015,593,8.7,849.6,1985-06-01,83.28030303030303,MI
26,4015,1,G,4,1994-07-05,1.552,1.668,JRCP,0.0,,0.3,0.0,0.0,0.0,,,,,9.7,,1994,1240.0,400.0,264015,593,8.7,849.6,1985-06-01,83.28030303030303,MI
26,4015,1,G,4,1994-07-05,1.552,1.668,JRCP,0.0,,0.3,0.0,0.0,0.0,,,,,9.7,,1994,1240.0,400.0,264015,593,8.7,849.6,1985-06-01,83.28030303030303,MI
26,4015,1,G,4,1994-07-05,1.552,1.668,JRCP,0.0,,0.3,0.0,0.0,0.0,,,,,9.7,,1994,1240.0,400.0,264015,593,8.7,849.6,1985-06-01,83.28030303030303,MI
26,4015,1,G,4,1994-07-05,1.533,1.748,JRCP,0.0,,0.3,0.0,0.0,0.0,,,,,9.7,,1994,1240.0,400.0,264015,593,8.7,849.6,1985-06-01,83.28030303030303,MI
26,4015,1,G,4,1994-07-05,1.533,1.748,JRCP,0.0,,0.3,0.0,0.0,0.0,,,,,9.7,,1994,1240.0,400.0,264015,593,8.7,849.6,1985-06-01,83.28030303030303,MI
26,4015,1,G,4,1994-07-05,1.533,1.748,JRCP,0.0,,0.3,0.0,0.0,0.0,,,,,9.7,,1994,1240.0,400.0,264015,593,8.7,849.6,1985-06-01,83.28030303030303,MI
26,4015,1,G,4,1994-07-05,1.522,1.74,JRCP,0.0,,0.3,0.0,0.0,0.0,,,,,9.7,,1994,1240.0,400.0,264015,593,8.7,849.6,1985-06-01,83.28030303030303,MI
26,4015,1,G,4,1994-07-05,1.522,1.74,JRCP,0.0,,0.3,0.0,0.0,0.0,,,,,9.7,,1994,1240.0,400.0,264015,593,8.7,849.6,1985-06-01,83.28030303030303,MI
26,4015,1,G,4,1994-07-05,1.522,1.74,JRCP,0.0,,0.3,0.0,0.0,0.0,,,,,9.7,,1994,1240.0,400.0,264015,593,8.7,849.6,1985-06-01,83.28030303030303,MI
26,4015,1,G,4,1997-06-29,1.608,1.82,JRCP,,,,,,,,,,,9.7,,1997,1300.0,491.0,264015,351,8.7,782.4,1985-06-01,,MI
26,4015,1,G,4,1997-06-29,1.608,1.82,JRCP,,,,,,,,,,,9.7,,1997,1300.0,491.0,264015,351,8.7,782.4,1985-06-01,,MI
26,4015,1,G,4,1997-06-29,1.608,1.82,JRCP,,,,,,,,,,,9.7,,1997,1300.0,491.0,264015,351,8.7,782.4,1985-06-01,,MI
26,4015,1,G,4,1997-06-29,1.634,1.888,JRCP,,,,,,,,,,,9.7,,1997,1300.0,491.0,264015,351,8.7,782.4,1985-06-01,,MI
26,4015,1,G,4,1997-06-29,1.634,1.888,JRCP,,,,,,,,,,,9.7,,1997,1300.0,491.0,264015,351,8.7,782.4,1985-06-01,,MI
26,4015,1,G,4,1997-06-29,1.634,1.888,JRCP,,,,,,,,,,,9.7,,1997,1300.0,491.0,264015,351,8.7,782.4,1985-06-01,,MI
26,4015,1,G,4,1997-06-29,1.639,1.851,JRCP,,,,,,,,,,,9.7,,1997,1300.0,491.0,264015,351,8.7,782.4,1985-06-01,,MI
26,4015,1,G,4,1997-06-29,1.639,1.851,JRCP,,,,,,,,,,,9.7,,1997,1300.0,491.0,264015,351,8.7,782.4,1985-06-01,,MI
26,4015,1,G,4,1997-06-29,1.639,1.851,JRCP,,,,,,,,,,,9.7,,1997,1300.0,491.0,264015,351,8.7,782.4,1985-06-01,,MI
26,4015,1,G,4,1997-06-29,1.634,1.828,JRCP,,,,,,,,,,,9.7,,1997,1300.0,491.0,264015,351,8.7,782.4,1985-06-01,,MI
26,4015,1,G,4,1997-06-29,1.634,1.828,JRCP,,,,,,,,,,,9.7,,1997,1300.0,491.0,264015,351,8.7,782.4,1985-06-01,,MI
26,4015,1,G,4,1997-06-29,1.634,1.828,JRCP,,,,,,,,,,,9.7,,1997,1300.0,491.0,264015,351,8.7,782.4,1985-06-01,,MI
26,4015,1,G,4,1997-06-29,1.637,1.807,JRCP,,,,,,,,,,,9.7,,1997,1300.0,491.0,264015,351,8.7,782.4,1985-06-01,,MI
26,4015,1,G,4,1997-06-29,1.637,1.807,JRCP,,,,,,,,,,,9.7,,1997,1300.0,491.0,264015,351,8.7,782.4,1985-06-01,,MI
26,4015,1,G,4,1997-06-29,1.637,1.807,JRCP,,,,,,,,,,,9.7,,1997,1300.0,491.0,264015,351,8.7,782.4,1985-06-01,,MI
26,4015,1,G,4,1998-11-02,1.599,1.766,JRCP,,,,,,,,,,,9.7,,1998,1530.0,826.0,264015,206,10.5,647.9,1985-06-01,,MI
26,4015,1,G,4,1998-11-02,1.599,1.766,JRCP,,,,,,,,,,,9.7,,1998,1530.0,826.0,264015,206,10.5,647.9,1985-06-01,,MI
26,4015,1,G,4,1998-11-02,1.599,1.766,JRCP,,,,,,,,,,,9.7,,1998,1530.0,826.0,264015,206,10.5,647.9,1985-06-01,,MI
26,4015,1,G,4,1998-11-02,1.608,1.81,JRCP,,,,,,,,,,,9.7,,1998,1530.0,826.0,264015,206,10.5,647.9,1985-06-01,,MI
26,4015,1,G,4,1998-11-02,1.608,1.81,JRCP,,,,,,,,,,,9.7,,1998,1530.0,826.0,264015,206,10.5,647.9,1985-06-01,,MI
26,4015,1,G,4,1998-11-02,1.608,1.81,JRCP,,,,,,,,,,,9.7,,1998,1530.0,826.0,264015,206,10.5,647.9,1985-06-01,,MI
26,4015,1,G,4,1998-11-02,1.749,1.805,JRCP,,,,,,,,,,,9.7,,1998,1530.0,826.0,264015,206,10.5,647.9,1985-06-01,,MI
26,4015,1,G,4,1998-11-02,1.749,1.805,JRCP,,,,,,,,,,,9.7,,1998,1530.0,826.0,264015,206,10.5,647.9,1985-06-01,,MI
26,4015,1,G,4,1998-11-02,1.749,1.805,JRCP,,,,,,,,,,,9.7,,1998,1530.0,826.0,264015,206,10.5,647.9,1985-06-01,,MI
26,4015,1,G,4,1998-11-02,1.743,1.838,JRCP,,,,,,,,,,,9.7,,1998,1530.0,826.0,264015,206,10.5,647.9,1985-06-01,,MI
26,4015,1,G,4,1998-11-02,1.743,1.838,JRCP,,,,,,,,,,,9.7,,1998,1530.0,826.0,264015,206,10.5,647.9,1985-06-01,,MI
26,4015,1,G,4,1998-11-02,1.743,1.838,JRCP,,,,,,,,,,,9.7,,1998,1530.0,826.0,264015,206,10.5,647.9,1985-06-01,,MI
26,4015,1,G,4,1998-11-02,1.619,1.82,JRCP,,,,,,,,,,,9.7,,1998,1530.0,826.0,264015,206,10.5,647.9,1985-06-01,,MI
26,4015,1,G,4,1998-11-02,1.619,1.82,JRCP,,,,,,,,,,,9.7,,1998,1530.0,826.0,264015,206,10.5,647.9,1985-06-01,,MI
26,4015,1,G,4,1998-11-02,1.619,1.82,JRCP,,,,,,,,,,,9.7,,1998,1530.0,826.0,264015,206,10.5,647.9,1985-06-01,,MI
26,4015,1,G,4,1999-04-13,1.789,1.905,JRCP,,,,,,,,,,,9.7,,1999,1540.0,1900.0,264015,430,9.3,828.5,1985-06-01,,MI
26,4015,1,G,4,1999-04-13,1.789,1.905,JRCP,,,,,,,,,,,9.7,,1999,1540.0,1900.0,264015,430,9.3,828.5,1985-06-01,,MI
26,4015,1,G,4,1999-04-13,1.789,1.905,JRCP,,,,,,,,,,,9.7,,1999,1540.0,1900.0,264015,430,9.3,828.5,1985-06-01,,MI
26,4015,1,G,4,1999-04-13,1.848,1.875,JRCP,,,,,,,,,,,9.7,,1999,1540.0,1900.0,264015,430,9.3,828.5,1985-06-01,,MI
26,4015,1,G,4,1999-04-13,1.848,1.875,JRCP,,,,,,,,,,,9.7,,1999,1540.0,1900.0,264015,430,9.3,828.5,1985-06-01,,MI
26,4015,1,G,4,1999-04-13,1.848,1.875,JRCP,,,,,,,,,,,9.7,,1999,1540.0,1900.0,264015,430,9.3,828.5,1985-06-01,,MI
26,4015,1,G,4,1999-04-13,1.93,1.898,JRCP,,,,,,,,,,,9.7,,1999,1540.0,1900.0,264015,430,9.3,828.5,1985-06-01,,MI
26,4015,1,G,4,1999-04-13,1.93,1.898,JRCP,,,,,,,,,,,9.7,,1999,1540.0,1900.0,264015,430,9.3,828.5,1985-06-01,,MI
26,4015,1,G,4,1999-04-13,1.93,1.898,JRCP,,,,,,,,,,,9.7,,1999,1540.0,1900.0,264015,430,9.3,828.5,1985-06-01,,MI
26,4015,1,G,4,1999-04-13,1.867,1.886,JRCP,,,,,,,,,,,9.7,,1999,1540.0,1900.0,264015,430,9.3,828.5,1985-06-01,,MI
26,4015,1,G,4,1999-04-13,1.867,1.886,JRCP,,,,,,,,,,,9.7,,1999,1540.0,1900.0,264015,430,9.3,828.5,1985-06-01,,MI
26,4015,1,G,4,1999-04-13,1.867,1.886,JRCP,,,,,,,,,,,9.7,,1999,1540.0,1900.0,264015,430,9.3,828.5,1985-06-01,,MI
26,4015,1,G,4,1999-04-13,1.918,1.922,JRCP,,,,,,,,,,,9.7,,1999,1540.0,1900.0,264015,430,9.3,828.5,1985-06-01,,MI
26,4015,1,G,4,1999-04-13,1.918,1.922,JRCP,,,,,,,,,,,9.7,,1999,1540.0,1900.0,264015,430,9.3,828.5,1985-06-01,,MI
26,4015,1,G,4,1999-04-13,1.918,1.922,JRCP,,,,,,,,,,,9.7,,1999,1540.0,1900.0,264015,430,9.3,828.5,1985-06-01,,MI
26,4015,2,G,4,2000-04-17,1.686,1.961,JRCP,,,,,,,,,,,9.7,,2000,1610.0,,264015,562,8.5,921.4,,,MI
26,4015,2,G,4,2000-04-17,1.686,1.961,JRCP,,,,,,,,,,,9.7,,2000,1610.0,,264015,562,8.5,921.4,,,MI
26,4015,2,G,4,2000-04-17,1.724,1.909,JRCP,,,,,,,,,,,9.7,,2000,1610.0,,264015,562,8.5,921.4,,,MI
26,4015,2,G,4,2000-04-17,1.724,1.909,JRCP,,,,,,,,,,,9.7,,2000,1610.0,,264015,562,8.5,921.4,,,MI
26,4015,2,G,4,2000-04-17,1.681,1.926,JRCP,,,,,,,,,,,9.7,,2000,1610.0,,264015,562,8.5,921.4,,,MI
26,4015,2,G,4,2000-04-17,1.681,1.926,JRCP,,,,,,,,,,,9.7,,2000,1610.0,,264015,562,8.5,921.4,,,MI
26,4015,2,G,4,2000-04-17,1.7,1.919,JRCP,,,,,,,,,,,9.7,,2000,1610.0,,264015,562,8.5,921.4,,,MI
26,4015,2,G,4,2000-04-17,1.7,1.919,JRCP,,,,,,,,,,,9.7,,2000,1610.0,,264015,562,8.5,921.4,,,MI
26,4015,2,G,4,2000-04-17,1.866,1.882,JRCP,,,,,,,,,,,9.7,,2000,1610.0,,264015,562,8.5,921.4,,,MI
26,4015,2,G,4,2000-04-17,1.866,1.882,JRCP,,,,,,,,,,,9.7,,2000,1610.0,,264015,562,8.5,921.4,,,MI
26,4015,2,G,4,2001-07-07,1.686,1.839,JRCP,,,,,,,,,,,9.7,,2001,1340.0,652.0,264015,342,9.2,894.0,,,MI
26,4015,2,G,4,2001-07-07,1.686,1.839,JRCP,,,,,,,,,,,9.7,,2001,1340.0,652.0,264015,342,9.2,894.0,,,MI
26,4015,2,G,4,2001-07-07,1.617,1.862,JRCP,,,,,,,,,,,9.7,,2001,1340.0,652.0,264015,342,9.2,894.0,,,MI
26,4015,2,G,4,2001-07-07,1.617,1.862,JRCP,,,,,,,,,,,9.7,,2001,1340.0,652.0,264015,342,9.2,894.0,,,MI
26,4015,2,G,4,2001-07-07,1.682,1.837,JRCP,,,,,,,,,,,9.7,,2001,1340.0,652.0,264015,342,9.2,894.0,,,MI
26,4015,2,G,4,2001-07-07,1.682,1.837,JRCP,,,,,,,,,,,9.7,,2001,1340.0,652.0,264015,342,9.2,894.0,,,MI
26,4015,2,G,4,2001-07-07,1.604,1.815,JRCP,,,,,,,,,,,9.7,,2001,1340.0,652.0,264015,342,9.2,894.0,,,MI
26,4015,2,G,4,2001-07-07,1.604,1.815,JRCP,,,,,,,,,,,9.7,,2001,1340.0,652.0,264015,342,9.2,894.0,,,MI
26,4015,2,G,4,2001-07-07,1.657,1.856,JRCP,,,,,,,,,,,9.7,,2001,1340.0,652.0,264015,342,9.2,894.0,,,MI
26,4015,2,G,4,2001-07-07,1.657,1.856,JRCP,,,,,,,,,,,9.7,,2001,1340.0,652.0,264015,342,9.2,894.0,,,MI
26,4015,3,G,4,2002-05-26,1.695,1.962,JRCP,0.0,,0.4,0.0,0.0,0.3,,,,,9.7,,2002,1520.0,5748.0,264015,309,9.0,683.9,,97.19583333333334,MI
26,4015,3,G,4,2002-05-26,1.695,1.962,JRCP,0.0,,0.4,0.0,0.0,0.3,,,,,9.7,,2002,1520.0,5748.0,264015,309,9.0,683.9,,97.19583333333334,MI
26,4015,3,G,4,2002-05-26,1.695,1.954,JRCP,0.0,,0.4,0.0,0.0,0.3,,,,,9.7,,2002,1520.0,5748.0,264015,309,9.0,683.9,,97.19583333333334,MI
26,4015,3,G,4,2002-05-26,1.695,1.954,JRCP,0.0,,0.4,0.0,0.0,0.3,,,,,9.7,,2002,1520.0,5748.0,264015,309,9.0,683.9,,97.19583333333334,MI
26,4015,3,G,4,2002-05-26,1.638,1.949,JRCP,0.0,,0.4,0.0,0.0,0.3,,,,,9.7,,2002,1520.0,5748.0,264015,309,9.0,683.9,,97.19583333333334,MI
26,4015,3,G,4,2002-05-26,1.638,1.949,JRCP,0.0,,0.4,0.0,0.0,0.3,,,,,9.7,,2002,1520.0,5748.0,264015,309,9.0,683.9,,97.19583333333334,MI
26,4015,3,G,4,2002-05-26,1.809,2.015,JRCP,0.0,,0.4,0.0,0.0,0.3,,,,,9.7,,2002,1520.0,5748.0,264015,309,9.0,683.9,,97.19583333333334,MI
26,4015,3,G,4,2002-05-26,1.809,2.015,JRCP,0.0,,0.4,0.0,0.0,0.3,,,,,9.7,,2002,1520.0,5748.0,264015,309,9.0,683.9,,97.19583333333334,MI
26,4015,3,G,4,2002-05-26,1.706,1.962,JRCP,0.0,,0.4,0.0,0.0,0.3,,,,,9.7,,2002,1520.0,5748.0,264015,309,9.0,683.9,,97.19583333333334,MI
26,4015,3,G,4,2002-05-26,1.706,1.962,JRCP,0.0,,0.4,0.0,0.0,0.3,,,,,9.7,,2002,1520.0,5748.0,264015,309,9.0,683.9,,97.19583333333334,MI
26,4015,3,G,4,2004-07-12,1.75,1.959,JRCP,,,,,,,,,,,9.7,,2004,2120.0,2337.0,264015,606,8.1,932.9,,,MI
26,4015,3,G,4,2004-07-12,1.75,1.959,JRCP,,,,,,,,,,,9.7,,2004,2120.0,2337.0,264015,606,8.1,932.9,,,MI
26,4015,3,G,4,2004-07-12,1.75,1.959,JRCP,,,,,,,,,,,9.7,,2004,2120.0,2337.0,264015,606,8.1,932.9,,,MI
26,4015,3,G,4,2004-07-12,1.716,1.977,JRCP,,,,,,,,,,,9.7,,2004,2120.0,2337.0,264015,606,8.1,932.9,,,MI
26,4015,3,G,4,2004-07-12,1.716,1.977,JRCP,,,,,,,,,,,9.7,,2004,2120.0,2337.0,264015,606,8.1,932.9,,,MI
26,4015,3,G,4,2004-07-12,1.716,1.977,JRCP,,,,,,,,,,,9.7,,2004,2120.0,2337.0,264015,606,8.1,932.9,,,MI
26,4015,3,G,4,2004-07-12,1.73,2.008,JRCP,,,,,,,,,,,9.7,,2004,2120.0,2337.0,264015,606,8.1,932.9,,,MI
26,4015,3,G,4,2004-07-12,1.73,2.008,JRCP,,,,,,,,,,,9.7,,2004,2120.0,2337.0,264015,606,8.1,932.9,,,MI
26,4015,3,G,4,2004-07-12,1.73,2.008,JRCP,,,,,,,,,,,9.7,,2004,2120.0,2337.0,264015,606,8.1,932.9,,,MI
26,4015,3,G,4,2004-07-12,1.75,2.018,JRCP,,,,,,,,,,,9.7,,2004,2120.0,2337.0,264015,606,8.1,932.9,,,MI
26,4015,3,G,4,2004-07-12,1.75,2.018,JRCP,,,,,,,,,,,9.7,,2004,2120.0,2337.0,264015,606,8.1,932.9,,,MI
26,4015,3,G,4,2004-07-12,1.75,2.018,JRCP,,,,,,,,,,,9.7,,2004,2120.0,2337.0,264015,606,8.1,932.9,,,MI
26,4015,3,G,4,2004-07-12,1.798,2.001,JRCP,,,,,,,,,,,9.7,,2004,2120.0,2337.0,264015,606,8.1,932.9,,,MI
26,4015,3,G,4,2004-07-12,1.798,2.001,JRCP,,,,,,,,,,,9.7,,2004,2120.0,2337.0,264015,606,8.1,932.9,,,MI
26,4015,3,G,4,2004-07-12,1.798,2.001,JRCP,,,,,,,,,,,9.7,,2004,2120.0,2337.0,264015,606,8.1,932.9,,,MI
26,4015,4,G,4,2009-11-12,1.784,2.073,JRCP,0.0,,0.2,0.0,8.0,13.0,,,,,9.7,,2009,1420.0,952.0,264015,556,7.9,982.6,,87.85606060606061,MI
26,4015,4,G,4,2009-11-12,1.784,2.073,JRCP,0.0,,0.2,0.0,8.0,13.0,,,,,9.7,,2009,1420.0,952.0,264015,556,7.9,982.6,,87.85606060606061,MI
26,4015,4,G,4,2009-11-12,1.784,2.073,JRCP,0.0,,0.2,0.0,8.0,13.0,,,,,9.7,,2009,1420.0,952.0,264015,556,7.9,982.6,,87.85606060606061,MI
26,4015,4,G,4,2009-11-12,1.809,2.137,JRCP,0.0,,0.2,0.0,8.0,13.0,,,,,9.7,,2009,1420.0,952.0,264015,556,7.9,982.6,,87.85606060606061,MI
26,4015,4,G,4,2009-11-12,1.809,2.137,JRCP,0.0,,0.2,0.0,8.0,13.0,,,,,9.7,,2009,1420.0,952.0,264015,556,7.9,982.6,,87.85606060606061,MI
26,4015,4,G,4,2009-11-12,1.809,2.137,JRCP,0.0,,0.2,0.0,8.0,13.0,,,,,9.7,,2009,1420.0,952.0,264015,556,7.9,982.6,,87.85606060606061,MI
26,4015,4,G,4,2009-11-12,1.807,2.117,JRCP,0.0,,0.2,0.0,8.0,13.0,,,,,9.7,,2009,1420.0,952.0,264015,556,7.9,982.6,,87.85606060606061,MI
26,4015,4,G,4,2009-11-12,1.807,2.117,JRCP,0.0,,0.2,0.0,8.0,13.0,,,,,9.7,,2009,1420.0,952.0,264015,556,7.9,982.6,,87.85606060606061,MI
26,4015,4,G,4,2009-11-12,1.807,2.117,JRCP,0.0,,0.2,0.0,8.0,13.0,,,,,9.7,,2009,1420.0,952.0,264015,556,7.9,982.6,,87.85606060606061,MI
26,4015,4,G,4,2009-11-12,1.864,2.132,JRCP,0.0,,0.2,0.0,8.0,13.0,,,,,9.7,,2009,1420.0,952.0,264015,556,7.9,982.6,,87.85606060606061,MI
26,4015,4,G,4,2009-11-12,1.864,2.132,JRCP,0.0,,0.2,0.0,8.0,13.0,,,,,9.7,,2009,1420.0,952.0,264015,556,7.9,982.6,,87.85606060606061,MI
26,4015,4,G,4,2009-11-12,1.864,2.132,JRCP,0.0,,0.2,0.0,8.0,13.0,,,,,9.7,,2009,1420.0,952.0,264015,556,7.9,982.6,,87.85606060606061,MI
26,4015,4,G,4,2009-11-12,1.82,2.116,JRCP,0.0,,0.2,0.0,8.0,13.0,,,,,9.7,,2009,1420.0,952.0,264015,556,7.9,982.6,,87.85606060606061,MI
26,4015,4,G,4,2009-11-12,1.82,2.116,JRCP,0.0,,0.2,0.0,8.0,13.0,,,,,9.7,,2009,1420.0,952.0,264015,556,7.9,982.6,,87.85606060606061,MI
26,4015,4,G,4,2009-11-12,1.82,2.116,JRCP,0.0,,0.2,0.0,8.0,13.0,,,,,9.7,,2009,1420.0,952.0,264015,556,7.9,982.6,,87.85606060606061,MI
26,4015,4,G,4,2011-08-27,1.936,2.691,JRCP,0.0,,0.3,0.0,8.0,13.0,,,,,9.7,,2011,1450.0,712.0,264015,495,9.1,1114.4,,81.74166666666666,MI
26,4015,4,G,4,2011-08-27,1.936,2.691,JRCP,0.0,,0.3,0.0,8.0,13.0,,,,,9.7,,2011,1450.0,712.0,264015,495,9.1,1114.4,,81.74166666666666,MI
26,4015,4,G,4,2011-08-27,1.936,2.691,JRCP,0.0,,0.3,0.0,8.0,13.0,,,,,9.7,,2011,1450.0,712.0,264015,495,9.1,1114.4,,81.74166666666666,MI
26,4015,4,G,4,2011-08-27,1.902,2.374,JRCP,0.0,,0.3,0.0,8.0,13.0,,,,,9.7,,2011,1450.0,712.0,264015,495,9.1,1114.4,,81.74166666666666,MI
26,4015,4,G,4,2011-08-27,1.902,2.374,JRCP,0.0,,0.3,0.0,8.0,13.0,,,,,9.7,,2011,1450.0,712.0,264015,495,9.1,1114.4,,81.74166666666666,MI
26,4015,4,G,4,2011-08-27,1.902,2.374,JRCP,0.0,,0.3,0.0,8.0,13.0,,,,,9.7,,2011,1450.0,712.0,264015,495,9.1,1114.4,,81.74166666666666,MI
26,4015,4,G,4,2011-08-27,1.906,2.811,JRCP,0.0,,0.3,0.0,8.0,13.0,,,,,9.7,,2011,1450.0,712.0,264015,495,9.1,1114.4,,81.74166666666666,MI
26,4015,4,G,4,2011-08-27,1.906,2.811,JRCP,0.0,,0.3,0.0,8.0,13.0,,,,,9.7,,2011,1450.0,712.0,264015,495,9.1,1114.4,,81.74166666666666,MI
26,4015,4,G,4,2011-08-27,1.906,2.811,JRCP,0.0,,0.3,0.0,8.0,13.0,,,,,9.7,,2011,1450.0,712.0,264015,495,9.1,1114.4,,81.74166666666666,MI
26,4015,4,G,4,2011-08-27,1.854,2.369,JRCP,0.0,,0.3,0.0,8.0,13.0,,,,,9.7,,2011,1450.0,712.0,264015,495,9.1,1114.4,,81.74166666666666,MI
26,4015,4,G,4,2011-08-27,1.854,2.369,JRCP,0.0,,0.3,0.0,8.0,13.0,,,,,9.7,,2011,1450.0,712.0,264015,495,9.1,1114.4,,81.74166666666666,MI
26,4015,4,G,4,2011-08-27,1.854,2.369,JRCP,0.0,,0.3,0.0,8.0,13.0,,,,,9.7,,2011,1450.0,712.0,264015,495,9.1,1114.4,,81.74166666666666,MI
26,4015,4,G,4,2011-08-27,1.932,2.681,JRCP,0.0,,0.3,0.0,8.0,13.0,,,,,9.7,,2011,1450.0,712.0,264015,495,9.1,1114.4,,81.74166666666666,MI
26,4015,4,G,4,2011-08-27,1.932,2.681,JRCP,0.0,,0.3,0.0,8.0,13.0,,,,,9.7,,2011,1450.0,712.0,264015,495,9.1,1114.4,,81.74166666666666,MI
26,4015,4,G,4,2011-08-27,1.932,2.681,JRCP,0.0,,0.3,0.0,8.0,13.0,,,,,9.7,,2011,1450.0,712.0,264015,495,9.1,1114.4,,81.74166666666666,MI
26,4015,4,G,4,2015-10-23,2.295,2.647,JRCP,,,,,,,,,,,9.7,,2015,1470.0,744.0,264015,698,8.7,890.0,,,MI
26,4015,4,G,4,2015-10-23,2.295,2.647,JRCP,,,,,,,,,,,9.7,,2015,1470.0,744.0,264015,698,8.7,890.0,,,MI
26,4015,4,G,4,2015-10-23,2.295,2.647,JRCP,,,,,,,,,,,9.7,,2015,1470.0,744.0,264015,698,8.7,890.0,,,MI
26,4015,4,G,4,2015-10-23,2.343,2.643,JRCP,,,,,,,,,,,9.7,,2015,1470.0,744.0,264015,698,8.7,890.0,,,MI
26,4015,4,G,4,2015-10-23,2.343,2.643,JRCP,,,,,,,,,,,9.7,,2015,1470.0,744.0,264015,698,8.7,890.0,,,MI
26,4015,4,G,4,2015-10-23,2.343,2.643,JRCP,,,,,,,,,,,9.7,,2015,1470.0,744.0,264015,698,8.7,890.0,,,MI
26,4015,4,G,4,2015-10-23,2.328,2.602,JRCP,,,,,,,,,,,9.7,,2015,1470.0,744.0,264015,698,8.7,890.0,,,MI
26,4015,4,G,4,2015-10-23,2.328,2.602,JRCP,,,,,,,,,,,9.7,,2015,1470.0,744.0,264015,698,8.7,890.0,,,MI
26,4015,4,G,4,2015-10-23,2.328,2.602,JRCP,,,,,,,,,,,9.7,,2015,1470.0,744.0,264015,698,8.7,890.0,,,MI
26,4015,4,G,4,2015-10-23,2.365,2.631,JRCP,,,,,,,,,,,9.7,,2015,1470.0,744.0,264015,698,8.7,890.0,,,MI
26,4015,4,G,4,2015-10-23,2.365,2.631,JRCP,,,,,,,,,,,9.7,,2015,1470.0,744.0,264015,698,8.7,890.0,,,MI
26,4015,4,G,4,2015-10-23,2.365,2.631,JRCP,,,,,,,,,,,9.7,,2015,1470.0,744.0,264015,698,8.7,890.0,,,MI
26,4015,4,G,4,2015-10-23,2.271,2.62,JRCP,,,,,,,,,,,9.7,,2015,1470.0,744.0,264015,698,8.7,890.0,,,MI
26,4015,4,G,4,2015-10-23,2.271,2.62,JRCP,,,,,,,,,,,9.7,,2015,1470.0,744.0,264015,698,8.7,890.0,,,MI
26,4015,4,G,4,2015-10-23,2.271,2.62,JRCP,,,,,,,,,,,9.7,,2015,1470.0,744.0,264015,698,8.7,890.0,,,MI
26,4015,4,G,4,2013-07-23,1.925,2.18,JRCP,,,,,,,,,,,9.7,,2013,1430.0,664.0,264015,526,8.2,925.8,,,MI
26,4015,4,G,4,2013-07-23,1.925,2.18,JRCP,,,,,,,,,,,9.7,,2013,1430.0,664.0,264015,526,8.2,925.8,,,MI
26,4015,4,G,4,2013-07-23,1.925,2.18,JRCP,,,,,,,,,,,9.7,,2013,1430.0,664.0,264015,526,8.2,925.8,,,MI
26,4015,4,G,4,2013-07-23,1.985,2.181,JRCP,,,,,,,,,,,9.7,,2013,1430.0,664.0,264015,526,8.2,925.8,,,MI
26,4015,4,G,4,2013-07-23,1.985,2.181,JRCP,,,,,,,,,,,9.7,,2013,1430.0,664.0,264015,526,8.2,925.8,,,MI
26,4015,4,G,4,2013-07-23,1.985,2.181,JRCP,,,,,,,,,,,9.7,,2013,1430.0,664.0,264015,526,8.2,925.8,,,MI
26,4015,4,G,4,2013-07-23,1.956,2.21,JRCP,,,,,,,,,,,9.7,,2013,1430.0,664.0,264015,526,8.2,925.8,,,MI
26,4015,4,G,4,2013-07-23,1.956,2.21,JRCP,,,,,,,,,,,9.7,,2013,1430.0,664.0,264015,526,8.2,925.8,,,MI
26,4015,4,G,4,2013-07-23,1.956,2.21,JRCP,,,,,,,,,,,9.7,,2013,1430.0,664.0,264015,526,8.2,925.8,,,MI
26,4015,4,G,4,2013-07-23,1.939,2.181,JRCP,,,,,,,,,,,9.7,,2013,1430.0,664.0,264015,526,8.2,925.8,,,MI
26,4015,4,G,4,2013-07-23,1.939,2.181,JRCP,,,,,,,,,,,9.7,,2013,1430.0,664.0,264015,526,8.2,925.8,,,MI
26,4015,4,G,4,2013-07-23,1.939,2.181,JRCP,,,,,,,,,,,9.7,,2013,1430.0,664.0,264015,526,8.2,925.8,,,MI
26,4015,4,G,4,2013-07-23,1.91,2.198,JRCP,,,,,,,,,,,9.7,,2013,1430.0,664.0,264015,526,8.2,925.8,,,MI
26,4015,4,G,4,2013-07-23,1.91,2.198,JRCP,,,,,,,,,,,9.7,,2013,1430.0,664.0,264015,526,8.2,925.8,,,MI
26,4015,4,G,4,2013-07-23,1.91,2.198,JRCP,,,,,,,,,,,9.7,,2013,1430.0,664.0,264015,526,8.2,925.8,,,MI
26,5363,1,G,5,1989-10-06,1.717,1.779,CRCP,,,,,,,,,,,10.0,,1989,,,265363,498,9.0,767.2,1976-11-01,93.50208333333333,MI
26,5363,1,G,5,1989-10-06,1.702,1.853,CRCP,,,,,,,,,,,10.0,,1989,,,265363,498,9.0,767.2,1976-11-01,93.50208333333333,MI
26,5363,1,G,5,1989-10-06,1.703,1.857,CRCP,,,,,,,,,,,10.0,,1989,,,265363,498,9.0,767.2,1976-11-01,93.50208333333333,MI
26,5363,1,G,5,1989-10-06,1.675,1.795,CRCP,,,,,,,,,,,10.0,,1989,,,265363,498,9.0,767.2,1976-11-01,93.50208333333333,MI
26,5363,1,G,5,1989-10-06,1.657,1.803,CRCP,,,,,,,,,,,10.0,,1989,,,265363,498,9.0,767.2,1976-11-01,93.50208333333333,MI
26,5363,1,G,5,1990-08-20,1.759,1.834,CRCP,,,,,,,,,,,10.0,,1990,,,265363,160,10.8,1092.0,1976-11-01,93.50208333333333,MI
26,5363,1,G,5,1990-08-20,1.781,1.833,CRCP,,,,,,,,,,,10.0,,1990,,,265363,160,10.8,1092.0,1976-11-01,93.50208333333333,MI
26,5363,1,G,5,1990-08-20,1.777,1.826,CRCP,,,,,,,,,,,10.0,,1990,,,265363,160,10.8,1092.0,1976-11-01,93.50208333333333,MI
26,5363,1,G,5,1990-08-20,1.749,1.858,CRCP,,,,,,,,,,,10.0,,1990,,,265363,160,10.8,1092.0,1976-11-01,93.50208333333333,MI
26,5363,1,G,5,1990-08-20,1.767,1.838,CRCP,,,,,,,,,,,10.0,,1990,,,265363,160,10.8,1092.0,1976-11-01,93.50208333333333,MI
26,5363,1,G,5,1991-07-30,1.782,1.878,CRCP,,,,,,,,,,,10.0,,1991,,,265363,269,11.2,756.6,1976-11-01,,MI
26,5363,1,G,5,1991-07-30,1.832,1.868,CRCP,,,,,,,,,,,10.0,,1991,,,265363,269,11.2,756.6,1976-11-01,,MI
26,5363,1,G,5,1991-07-30,1.786,1.877,CRCP,,,,,,,,,,,10.0,,1991,,,265363,269,11.2,756.6,1976-11-01,,MI
26,5363,1,G,5,1991-07-30,1.787,1.865,CRCP,,,,,,,,,,,10.0,,1991,,,265363,269,11.2,756.6,1976-11-01,,MI
26,5363,1,G,5,1991-07-30,1.83,1.851,CRCP,,,,,,,,,,,10.0,,1991,,,265363,269,11.2,756.6,1976-11-01,,MI
26,5363,1,G,5,1992-09-21,1.756,1.847,CRCP,,,,,,0.0,10.0,21.0,21.0,1.9,10.0,,1992,,575.0,265363,227,9.4,952.9,1976-11-01,92.20625,MI
26,5363,1,G,5,1992-09-21,1.767,1.853,CRCP,,,,,,0.0,10.0,21.0,21.0,1.9,10.0,,1992,,575.0,265363,227,9.4,952.9,1976-11-01,92.20625,MI
26,5363,1,G,5,1992-09-21,1.744,1.813,CRCP,,,,,,0.0,10.0,21.0,21.0,1.9,10.0,,1992,,575.0,265363,227,9.4,952.9,1976-11-01,92.20625,MI
26,5363,1,G,5,1992-09-21,1.78,1.839,CRCP,,,,,,0.0,10.0,21.0,21.0,1.9,10.0,,1992,,575.0,265363,227,9.4,952.9,1976-11-01,92.20625,MI
26,5363,1,G,5,1992-09-21,1.797,1.851,CRCP,,,,,,0.0,10.0,21.0,21.0,1.9,10.0,,1992,,575.0,265363,227,9.4,952.9,1976-11-01,92.20625,MI
26,5363,1,G,5,1993-04-22,1.797,1.856,CRCP,,,,,,0.0,10.0,21.0,21.0,1.9,10.0,,1993,1700.0,970.0,265363,352,9.9,795.3,1976-11-01,92.20625,MI
26,5363,1,G,5,1993-04-22,1.797,1.856,CRCP,,,,,,0.0,10.0,21.0,21.0,1.9,10.0,,1993,1700.0,970.0,265363,352,9.9,795.3,1976-11-01,92.20625,MI
26,5363,1,G,5,1993-04-22,1.838,1.793,CRCP,,,,,,0.0,10.0,21.0,21.0,1.9,10.0,,1993,1700.0,970.0,265363,352,9.9,795.3,1976-11-01,92.20625,MI
26,5363,1,G,5,1993-04-22,1.838,1.793,CRCP,,,,,,0.0,10.0,21.0,21.0,1.9,10.0,,1993,1700.0,970.0,265363,352,9.9,795.3,1976-11-01,92.20625,MI
26,5363,1,G,5,1993-04-22,1.78,1.871,CRCP,,,,,,0.0,10.0,21.0,21.0,1.9,10.0,,1993,1700.0,970.0,265363,352,9.9,795.3,1976-11-01,92.20625,MI
26,5363,1,G,5,1993-04-22,1.78,1.871,CRCP,,,,,,0.0,10.0,21.0,21.0,1.9,10.0,,1993,1700.0,970.0,265363,352,9.9,795.3,1976-11-01,92.20625,MI
26,5363,1,G,5,1993-04-22,1.824,1.827,CRCP,,,,,,0.0,10.0,21.0,21.0,1.9,10.0,,1993,1700.0,970.0,265363,352,9.9,795.3,1976-11-01,92.20625,MI
26,5363,1,G,5,1993-04-22,1.824,1.827,CRCP,,,,,,0.0,10.0,21.0,21.0,1.9,10.0,,1993,1700.0,970.0,265363,352,9.9,795.3,1976-11-01,92.20625,MI
26,5363,1,G,5,1993-04-22,1.814,1.891,CRCP,,,,,,0.0,10.0,21.0,21.0,1.9,10.0,,1993,1700.0,970.0,265363,352,9.9,795.3,1976-11-01,92.20625,MI
26,5363,1,G,5,1993-04-22,1.814,1.891,CRCP,,,,,,0.0,10.0,21.0,21.0,1.9,10.0,,1993,1700.0,970.0,265363,352,9.9,795.3,1976-11-01,92.20625,MI
26,5363,2,G,5,1995-10-19,1.788,1.929,CRCP,,,,,,,,,,,10.0,,1995,1740.0,1609.0,265363,419,10.0,761.9,,,MI
26,5363,2,G,5,1995-10-19,1.788,1.929,CRCP,,,,,,,,,,,10.0,,1995,1740.0,1609.0,265363,419,10.0,761.9,,,MI
26,5363,2,G,5,1995-10-19,1.788,1.929,CRCP,,,,,,,,,,,10.0,,1995,1740.0,1609.0,265363,419,10.0,761.9,,,MI
26,5363,2,G,5,1995-10-19,1.792,1.948,CRCP,,,,,,,,,,,10.0,,1995,1740.0,1609.0,265363,419,10.0,761.9,,,MI
26,5363,2,G,5,1995-10-19,1.792,1.948,CRCP,,,,,,,,,,,10.0,,1995,1740.0,1609.0,265363,419,10.0,761.9,,,MI
26,5363,2,G,5,1995-10-19,1.792,1.948,CRCP,,,,,,,,,,,10.0,,1995,1740.0,1609.0,265363,419,10.0,761.9,,,MI
26,5363,2,G,5,1995-10-19,1.769,1.935,CRCP,,,,,,,,,,,10.0,,1995,1740.0,1609.0,265363,419,10.0,761.9,,,MI
26,5363,2,G,5,1995-10-19,1.769,1.935,CRCP,,,,,,,,,,,10.0,,1995,1740.0,1609.0,265363,419,10.0,761.9,,,MI
26,5363,2,G,5,1995-10-19,1.769,1.935,CRCP,,,,,,,,,,,10.0,,1995,1740.0,1609.0,265363,419,10.0,761.9,,,MI
26,5363,2,G,5,1995-10-19,1.82,1.894,CRCP,,,,,,,,,,,10.0,,1995,1740.0,1609.0,265363,419,10.0,761.9,,,MI
26,5363,2,G,5,1995-10-19,1.82,1.894,CRCP,,,,,,,,,,,10.0,,1995,1740.0,1609.0,265363,419,10.0,761.9,,,MI
26,5363,2,G,5,1995-10-19,1.82,1.894,CRCP,,,,,,,,,,,10.0,,1995,1740.0,1609.0,265363,419,10.0,761.9,,,MI
26,5363,2,G,5,1995-10-19,1.803,1.924,CRCP,,,,,,,,,,,10.0,,1995,1740.0,1609.0,265363,419,10.0,761.9,,,MI
26,5363,2,G,5,1995-10-19,1.803,1.924,CRCP,,,,,,,,,,,10.0,,1995,1740.0,1609.0,265363,419,10.0,761.9,,,MI
26,5363,2,G,5,1995-10-19,1.803,1.924,CRCP,,,,,,,,,,,10.0,,1995,1740.0,1609.0,265363,419,10.0,761.9,,,MI
26,5363,3,G,5,1997-04-13,1.777,3.092,CRCP,,,,,,0.0,15.0,158.0,25.0,2.0,10.0,,1997,,1240.0,265363,318,9.3,869.0,,92.02083333333333,MI
26,5363,3,G,5,1997-04-13,1.782,2.536,CRCP,,,,,,0.0,15.0,158.0,25.0,2.0,10.0,,1997,,1240.0,265363,318,9.3,869.0,,92.02083333333333,MI
26,5363,3,G,5,1997-04-13,1.806,2.49,CRCP,,,,,,0.0,15.0,158.0,25.0,2.0,10.0,,1997,,1240.0,265363,318,9.3,869.0,,92.02083333333333,MI
26,5363,3,G,5,1997-04-13,1.777,3.022,CRCP,,,,,,0.0,15.0,158.0,25.0,2.0,10.0,,1997,,1240.0,265363,318,9.3,869.0,,92.02083333333333,MI
26,5363,3,G,5,1997-04-13,1.78,3.098,CRCP,,,,,,0.0,15.0,158.0,25.0,2.0,10.0,,1997,,1240.0,265363,318,9.3,869.0,,92.02083333333333,MI
