STATE_CODE,SHRP_ID,CONSTRUCTION_NO,GPS_SPS,EXPERIMENT_NO,VISIT_DATE,IRI_LEFT_WHEEL_PATH,IRI_RIGHT_WHEEL_PATH,PAVEMENT_FAMILY,HPMS16_CRACKING_PERCENT_JPCC,MEPDG_CRACKING_PERCENT_JPCC,AVG_WHEELPATH_FAULT,TRANS_SPALLING_L,TRANS_CRACK_NO,PATCH_RIGID_A,HPMS16_CRACKING_PERCENT_CRCP,MEPDG_PUNCHOUTS_CRCP,PUNCHOUTS_NO,LONG_SPALLING_L,BOUND_THICKNESS_CM,PLASTICITY_INDEX,PERCENT_FINER_02,YEAR,AADTT_LTPPLN,KESAL_YEAR,VWS_ID,FREEZE_INDEX_YR,MEAN_ANN_TEMP_AVG,TOTAL_ANN_PRECIP,CONSTRUCTION_DATE,STATE_ABBR
19,3006,1,G,3,1990-06-13,2.825,2.754,JPCTB,,,,,,,,,,,8.9,12.0,29.0,1990,,,193006,269,10.8,1242.4,1975-10-01,IA
19,3006,1,G,3,1990-06-13,2.798,2.759,JPCTB,,,,,,,,,,,8.9,12.0,29.0,1990,,,193006,269,10.8,1242.4,1975-10-01,IA
19,3006,1,G,3,1990-06-13,2.822,2.76,JPCTB,,,,,,,,,,,8.9,12.0,29.0,1990,,,193006,269,10.8,1242.4,1975-10-01,IA
19,3006,1,G,3,1990-06-13,2.791,2.767,JPCTB,,,,,,,,,,,8.9,12.0,29.0,1990,,,193006,269,10.8,1242.4,1975-10-01,IA
19,3006,1,G,3,1990-06-13,2.742,2.727,JPCTB,,,,,,,,,,,8.9,12.0,29.0,1990,,,193006,269,10.8,1242.4,1975-10-01,IA
19,3006,1,G,3,1991-06-18,2.839,2.839,JPCTB,,,,,,,,,,,8.9,12.0,29.0,1991,,,193006,479,10.6,858.1,1975-10-01,IA
19,3006,1,G,3,1991-06-18,2.805,2.824,JPCTB,,,,,,,,,,,8.9,12.0,29.0,1991,,,193006,479,10.6,858.1,1975-10-01,IA
19,3006,1,G,3,1991-06-18,2.837,2.844,JPCTB,,,,,,,,,,,8.9,12.0,29.0,1991,,,193006,479,10.6,858.1,1975-10-01,IA
19,3006,1,G,3,1991-06-18,2.833,2.845,JPCTB,,,,,,,,,,,8.9,12.0,29.0,1991,,,193006,479,10.6,858.1,1975-10-01,IA
19,3006,1,G,3,1991-06-18,2.866,2.854,JPCTB,,,,,,,,,,,8.9,12.0,29.0,1991,,,193006,479,10.6,858.1,1975-10-01,IA
19,3006,1,G,3,1992-05-14,3.161,3.136,JPCTB,,,,,,,,,,,8.9,12.0,29.0,1992,,,193006,268,9.7,968.3,1975-10-01,IA
19,3006,1,G,3,1992-05-14,3.241,3.137,JPCTB,,,,,,,,,,,8.9,12.0,29.0,1992,,,193006,268,9.7,968.3,1975-10-01,IA
19,3006,1,G,3,1992-05-14,3.162,3.13,JPCTB,,,,,,,,,,,8.9,12.0,29.0,1992,,,193006,268,9.7,968.3,1975-10-01,IA
19,3006,1,G,3,1992-05-14,3.251,3.137,JPCTB,,,,,,,,,,,8.9,12.0,29.0,1992,,,193006,268,9.7,968.3,1975-10-01,IA
19,3006,1,G,3,1992-05-14,3.278,3.136,JPCTB,,,,,,,,,,,8.9,12.0,29.0,1992,,,193006,268,9.7,968.3,1975-10-01,IA
19,3006,1,G,3,1993-12-02,3.136,3.168,JPCTB,17,16.0,4.1,1.0,4,0.0,,,,,8.9,12.0,29.0,1993,,,193006,492,9.1,1191.1,1975-10-01,IA
19,3006,1,G,3,1993-12-02,3.147,3.174,JPCTB,17,16.0,4.1,1.0,4,0.0,,,,,8.9,12.0,29.0,1993,,,193006,492,9.1,1191.1,1975-10-01,IA
19,3006,1,G,3,1993-12-02,3.092,3.166,JPCTB,17,16.0,4.1,1.0,4,0.0,,,,,8.9,12.0,29.0,1993,,,193006,492,9.1,1191.1,1975-10-01,IA
19,3006,1,G,3,1993-12-02,3.16,3.16,JPCTB,17,16.0,4.1,1.0,4,0.0,,,,,8.9,12.0,29.0,1993,,,193006,492,9.1,1191.1,1975-10-01,IA
19,3006,1,G,3,1993-12-02,3.145,3.201,JPCTB,17,16.0,4.1,1.0,4,0.0,,,,,8.9,12.0,29.0,1993,,,193006,492,9.1,1191.1,1975-10-01,IA
19,3006,1,G,3,1994-09-14,3.266,3.127,JPCTB,17,16.0,4.1,1.0,4,0.0,,,,,8.9,12.0,29.0,1994,,180.0,193006,620,9.8,771.2,1975-10-01,IA
19,3006,1,G,3,1994-09-14,3.33,3.152,JPCTB,17,16.0,4.1,1.0,4,0.0,,,,,8.9,12.0,29.0,1994,,180.0,193006,620,9.8,771.2,1975-10-01,IA
19,3006,1,G,3,1994-09-14,3.346,3.184,JPCTB,17,16.0,4.1,1.0,4,0.0,,,,,8.9,12.0,29.0,1994,,180.0,193006,620,9.8,771.2,1975-10-01,IA
19,3006,1,G,3,1994-09-14,3.318,3.181,JPCTB,17,16.0,4.1,1.0,4,0.0,,,,,8.9,12.0,29.0,1994,,180.0,193006,620,9.8,771.2,1975-10-01,IA
19,3006,1,G,3,1994-09-14,3.262,3.207,JPCTB,17,16.0,4.1,1.0,4,0.0,,,,,8.9,12.0,29.0,1994,,180.0,193006,620,9.8,771.2,1975-10-01,IA
19,3006,2,G,3,1997-09-24,3.342,3.364,JPCTB,,,,,,,,,,,8.9,,,1997,,,193006,482,9.4,746.0,,IA
19,3006,2,G,3,1997-09-24,3.371,3.445,JPCTB,,,,,,,,,,,8.9,,,1997,,,193006,482,9.4,746.0,,IA
19,3006,2,G,3,1997-09-24,3.316,3.389,JPCTB,,,,,,,,,,,8.9,,,1997,,,193006,482,9.4,746.0,,IA
19,3006,2,G,3,1997-09-24,3.35,3.411,JPCTB,,,,,,,,,,,8.9,,,1997,,,193006,482,9.4,746.0,,IA
19,3006,2,G,3,1997-09-24,3.347,3.435,JPCTB,,,,,,,,,,,8.9,,,1997,,,193006,482,9.4,746.0,,IA
19,3006,2,G,3,1998-10-13,4.251,3.859,JPCTB,21,20.0,6.2,23.8,5,0.0,,,,,8.9,,,1998,,,193006,261,11.7,1104.0,,IA
19,3006,2,G,3,1998-10-13,4.223,3.829,JPCTB,21,20.0,6.2,23.8,5,0.0,,,,,8.9,,,1998,,,193006,261,11.7,1104.0,,IA
19,3006,2,G,3,1998-10-13,4.226,3.823,JPCTB,21,20.0,6.2,23.8,5,0.0,,,,,8.9,,,1998,,,193006,261,11.7,1104.0,,IA
19,3006,2,G,3,1998-10-13,4.283,3.825,JPCTB,21,20.0,6.2,23.8,5,0.0,,,,,8.9,,,1998,,,193006,261,11.7,1104.0,,IA
19,3006,2,G,3,1998-10-13,4.153,3.858,JPCTB,21,20.0,6.2,23.8,5,0.0,,,,,8.9,,,1998,,,193006,261,11.7,1104.0,,IA
19,3006,3,G,3,1999-07-19,3.452,4.122,JPCTB,21,20.0,6.4,20.9,5,0.0,,,,,8.9,,,1999,,,193006,430,10.4,840.8,,IA
19,3006,3,G,3,1999-07-19,3.47,4.128,JPCTB,21,20.0,6.4,20.9,5,0.0,,,,,8.9,,,1999,,,193006,430,10.4,840.8,,IA
19,3006,3,G,3,1999-07-19,3.477,3.803,JPCTB,21,20.0,6.4,20.9,5,0.0,,,,,8.9,,,1999,,,193006,430,10.4,840.8,,IA
19,3006,3,G,3,1999-07-19,3.431,3.985,JPCTB,21,20.0,6.4,20.9,5,0.0,,,,,8.9,,,1999,,,193006,430,10.4,840.8,,IA
19,3006,3,G,3,1999-07-19,3.439,4.053,JPCTB,21,20.0,6.4,20.9,5,0.0,,,,,8.9,,,1999,,,193006,430,10.4,840.8,,IA
19,3006,3,G,3,2000-05-21,3.627,4.314,JPCTB,21,20.0,6.4,20.9,5,0.0,,,,,8.9,,,2000,,,193006,638,9.7,964.1,,IA
19,3006,3,G,3,2000-05-21,3.7,4.276,JPCTB,21,20.0,6.4,20.9,5,0.0,,,,,8.9,,,2000,,,193006,638,9.7,964.1,,IA
19,3006,3,G,3,2000-05-21,3.658,4.291,JPCTB,21,20.0,6.4,20.9,5,0.0,,,,,8.9,,,2000,,,193006,638,9.7,964.1,,IA
19,3006,3,G,3,2000-05-21,3.649,4.218,JPCTB,21,20.0,6.4,20.9,5,0.0,,,,,8.9,,,2000,,,193006,638,9.7,964.1,,IA
19,3006,3,G,3,2000-05-21,3.708,4.244,JPCTB,21,20.0,6.4,20.9,5,0.0,,,,,8.9,,,2000,,,193006,638,9.7,964.1,,IA
19,3009,1,G,3,1990-06-26,2.227,2.295,JPCTB,,,,,,,,,,,10.6,15.0,21.0,1990,,,193009,336,10.5,1138.8,1975-12-01,IA
19,3009,1,G,3,1990-06-26,2.234,2.277,JPCTB,,,,,,,,,,,10.6,15.0,21.0,1990,,,193009,336,10.5,1138.8,1975-12-01,IA
19,3009,1,G,3,1990-06-26,2.307,2.265,JPCTB,,,,,,,,,,,10.6,15.0,21.0,1990,,,193009,336,10.5,1138.8,1975-12-01,IA
19,3009,1,G,3,1990-06-26,2.313,2.253,JPCTB,,,,,,,,,,,10.6,15.0,21.0,1990,,,193009,336,10.5,1138.8,1975-12-01,IA
19,3009,1,G,3,1990-06-26,2.278,2.275,JPCTB,,,,,,,,,,,10.6,15.0,21.0,1990,,,193009,336,10.5,1138.8,1975-12-01,IA
19,3009,1,G,3,1991-06-18,2.321,2.293,JPCTB,,,,,,,,,,,10.6,15.0,21.0,1991,,,193009,547,10.2,876.9,1975-12-01,IA
19,3009,1,G,3,1991-06-18,2.315,2.328,JPCTB,,,,,,,,,,,10.6,15.0,21.0,1991,,,193009,547,10.2,876.9,1975-12-01,IA
19,3009,1,G,3,1991-06-18,2.355,2.311,JPCTB,,,,,,,,,,,10.6,15.0,21.0,1991,,,193009,547,10.2,876.9,1975-12-01,IA
19,3009,1,G,3,1991-06-18,2.301,2.297,JPCTB,,,,,,,,,,,10.6,15.0,21.0,1991,,,193009,547,10.2,876.9,1975-12-01,IA
19,3009,1,G,3,1991-06-18,2.297,2.357,JPCTB,,,,,,,,,,,10.6,15.0,21.0,1991,,,193009,547,10.2,876.9,1975-12-01,IA
19,3009,1,G,3,1992-05-13,2.144,2.372,JPCTB,,,,,,,,,,,10.6,15.0,21.0,1992,,,193009,347,9.4,929.4,1975-12-01,IA
19,3009,1,G,3,1992-05-13,2.166,2.38,JPCTB,,,,,,,,,,,10.6,15.0,21.0,1992,,,193009,347,9.4,929.4,1975-12-01,IA
19,3009,1,G,3,1992-05-13,2.113,2.342,JPCTB,,,,,,,,,,,10.6,15.0,21.0,1992,,,193009,347,9.4,929.4,1975-12-01,IA
19,3009,1,G,3,1992-05-13,2.141,2.356,JPCTB,,,,,,,,,,,10.6,15.0,21.0,1992,,,193009,347,9.4,929.4,1975-12-01,IA
19,3009,1,G,3,1992-05-13,2.126,2.387,JPCTB,,,,,,,,,,,10.6,15.0,21.0,1992,,,193009,347,9.4,929.4,1975-12-01,IA
19,3009,1,G,3,1993-10-16,2.271,2.332,JPCTB,4,8.0,0.0,1.3,2,0.0,,,,,10.6,15.0,21.0,1993,,117.0,193009,579,8.6,1523.8,1975-12-01,IA
19,3009,1,G,3,1993-10-16,2.254,2.297,JPCTB,4,8.0,0.0,1.3,2,0.0,,,,,10.6,15.0,21.0,1993,,117.0,193009,579,8.6,1523.8,1975-12-01,IA
19,3009,1,G,3,1993-10-16,2.278,2.306,JPCTB,4,8.0,0.0,1.3,2,0.0,,,,,10.6,15.0,21.0,1993,,117.0,193009,579,8.6,1523.8,1975-12-01,IA
19,3009,1,G,3,1993-10-16,2.244,2.299,JPCTB,4,8.0,0.0,1.3,2,0.0,,,,,10.6,15.0,21.0,1993,,117.0,193009,579,8.6,1523.8,1975-12-01,IA
19,3009,1,G,3,1993-10-16,2.23,2.329,JPCTB,4,8.0,0.0,1.3,2,0.0,,,,,10.6,15.0,21.0,1993,,117.0,193009,579,8.6,1523.8,1975-12-01,IA
19,3009,1,G,3,1994-09-15,2.28,2.276,JPCTB,4,8.0,0.0,1.3,2,0.0,,,,,10.6,15.0,21.0,1994,,,193009,696,9.5,758.8,1975-12-01,IA
19,3009,1,G,3,1994-09-15,2.273,2.302,JPCTB,4,8.0,0.0,1.3,2,0.0,,,,,10.6,15.0,21.0,1994,,,193009,696,9.5,758.8,1975-12-01,IA
19,3009,1,G,3,1994-09-15,2.201,2.314,JPCTB,4,8.0,0.0,1.3,2,0.0,,,,,10.6,15.0,21.0,1994,,,193009,696,9.5,758.8,1975-12-01,IA
19,3009,1,G,3,1994-09-15,2.257,2.259,JPCTB,4,8.0,0.0,1.3,2,0.0,,,,,10.6,15.0,21.0,1994,,,193009,696,9.5,758.8,1975-12-01,IA
19,3009,1,G,3,1994-09-15,2.264,2.286,JPCTB,4,8.0,0.0,1.3,2,0.0,,,,,10.6,15.0,21.0,1994,,,193009,696,9.5,758.8,1975-12-01,IA
19,3009,1,G,3,1997-09-22,2.323,2.41,JPCTB,,,,,,,,,,,10.6,15.0,21.0,1997,,160.0,193009,517,9.3,872.4,1975-12-01,IA
19,3009,1,G,3,1997-09-22,2.283,2.421,JPCTB,,,,,,,,,,,10.6,15.0,21.0,1997,,160.0,193009,517,9.3,872.4,1975-12-01,IA
19,3009,1,G,3,1997-09-22,2.289,2.425,JPCTB,,,,,,,,,,,10.6,15.0,21.0,1997,,160.0,193009,517,9.3,872.4,1975-12-01,IA
19,3009,1,G,3,1997-09-22,2.276,2.389,JPCTB,,,,,,,,,,,10.6,15.0,21.0,1997,,160.0,193009,517,9.3,872.4,1975-12-01,IA
19,3009,1,G,3,1997-09-22,2.273,2.426,JPCTB,,,,,,,,,,,10.6,15.0,21.0,1997,,160.0,193009,517,9.3,872.4,1975-12-01,IA
19,3009,1,G,3,1998-10-11,2.277,2.355,JPCTB,4,8.0,0.0,0.3,2,0.0,,,,,10.6,15.0,21.0,1998,,212.0,193009,303,11.5,1161.6,1975-12-01,IA
19,3009,1,G,3,1998-10-11,2.279,2.37,JPCTB,4,8.0,0.0,0.3,2,0.0,,,,,10.6,15.0,21.0,1998,,212.0,193009,303,11.5,1161.6,1975-12-01,IA
19,3009,1,G,3,1998-10-11,2.258,2.355,JPCTB,4,8.0,0.0,0.3,2,0.0,,,,,10.6,15.0,21.0,1998,,212.0,193009,303,11.5,1161.6,1975-12-01,IA
19,3009,1,G,3,1998-10-11,2.256,2.353,JPCTB,4,8.0,0.0,0.3,2,0.0,,,,,10.6,15.0,21.0,1998,,212.0,193009,303,11.5,1161.6,1975-12-01,IA
19,3009,1,G,3,1998-10-11,2.279,2.359,JPCTB,4,8.0,0.0,0.3,2,0.0,,,,,10.6,15.0,21.0,1998,,212.0,193009,303,11.5,1161.6,1975-12-01,IA
19,3009,1,G,3,1999-07-18,2.311,2.395,JPCTB,4,8.0,0.0,0.3,2,0.0,,,,,10.6,15.0,21.0,1999,1120.0,595.0,193009,451,10.2,841.2,1975-12-01,IA
19,3009,1,G,3,1999-07-18,2.311,2.395,JPCTB,4,8.0,0.0,0.3,2,0.0,,,,,10.6,15.0,21.0,1999,1120.0,595.0,193009,451,10.2,841.2,1975-12-01,IA
19,3009,1,G,3,1999-07-18,2.311,2.395,JPCTB,4,8.0,0.0,0.3,2,0.0,,,,,10.6,15.0,21.0,1999,1120.0,595.0,193009,451,10.2,841.2,1975-12-01,IA
19,3009,1,G,3,1999-07-18,2.29,2.406,JPCTB,4,8.0,0.0,0.3,2,0.0,,,,,10.6,15.0,21.0,1999,1120.0,595.0,193009,451,10.2,841.2,1975-12-01,IA
19,3009,1,G,3,1999-07-18,2.29,2.406,JPCTB,4,8.0,0.0,0.3,2,0.0,,,,,10.6,15.0,21.0,1999,1120.0,595.0,193009,451,10.2,841.2,1975-12-01,IA
19,3009,1,G,3,1999-07-18,2.29,2.406,JPCTB,4,8.0,0.0,0.3,2,0.0,,,,,10.6,15.0,21.0,1999,1120.0,595.0,193009,451,10.2,841.2,1975-12-01,IA
19,3009,1,G,3,1999-07-18,2.306,2.444,JPCTB,4,8.0,0.0,0.3,2,0.0,,,,,10.6,15.0,21.0,1999,1120.0,595.0,193009,451,10.2,841.2,1975-12-01,IA
19,3009,1,G,3,1999-07-18,2.306,2.444,JPCTB,4,8.0,0.0,0.3,2,0.0,,,,,10.6,15.0,21.0,1999,1120.0,595.0,193009,451,10.2,841.2,1975-12-01,IA
19,3009,1,G,3,1999-07-18,2.306,2.444,JPCTB,4,8.0,0.0,0.3,2,0.0,,,,,10.6,15.0,21.0,1999,1120.0,595.0,193009,451,10.2,841.2,1975-12-01,IA
19,3009,1,G,3,1999-07-18,2.311,2.406,JPCTB,4,8.0,0.0,0.3,2,0.0,,,,,10.6,15.0,21.0,1999,1120.0,595.0,193009,451,10.2,841.2,1975-12-01,IA
19,3009,1,G,3,1999-07-18,2.311,2.406,JPCTB,4,8.0,0.0,0.3,2,0.0,,,,,10.6,15.0,21.0,1999,1120.0,595.0,193009,451,10.2,841.2,1975-12-01,IA
19,3009,1,G,3,1999-07-18,2.311,2.406,JPCTB,4,8.0,0.0,0.3,2,0.0,,,,,10.6,15.0,21.0,1999,1120.0,595.0,193009,451,10.2,841.2,1975-12-01,IA
19,3009,1,G,3,1999-07-18,2.291,2.4,JPCTB,4,8.0,0.0,0.3,2,0.0,,,,,10.6,15.0,21.0,1999,1120.0,595.0,193009,451,10.2,841.2,1975-12-01,IA
19,3009,1,G,3,1999-07-18,2.291,2.4,JPCTB,4,8.0,0.0,0.3,2,0.0,,,,,10.6,15.0,21.0,1999,1120.0,595.0,193009,451,10.2,841.2,1975-12-01,IA
19,3009,1,G,3,1999-07-18,2.291,2.4,JPCTB,4,8.0,0.0,0.3,2,0.0,,,,,10.6,15.0,21.0,1999,1120.0,595.0,193009,451,10.2,841.2,1975-12-01,IA
19,3009,1,G,3,2000-05-20,2.25,2.521,JPCTB,,,,,,,,,,,10.6,15.0,21.0,2000,1070.0,485.0,193009,681,9.6,841.4,1975-12-01,IA
19,3009,1,G,3,2000-05-20,2.25,2.521,JPCTB,,,,,,,,,,,10.6,15.0,21.0,2000,1070.0,485.0,193009,681,9.6,841.4,1975-12-01,IA
19,3009,1,G,3,2000-05-20,2.25,2.521,JPCTB,,,,,,,,,,,10.6,15.0,21.0,2000,1070.0,485.0,193009,681,9.6,841.4,1975-12-01,IA
19,3009,1,G,3,2000-05-20,2.413,2.51,JPCTB,,,,,,,,,,,10.6,15.0,21.0,2000,1070.0,485.0,193009,681,9.6,841.4,1975-12-01,IA
19,3009,1,G,3,2000-05-20,2.413,2.51,JPCTB,,,,,,,,,,,10.6,15.0,21.0,2000,1070.0,485.0,193009,681,9.6,841.4,1975-12-01,IA
19,3009,1,G,3,2000-05-20,2.413,2.51,JPCTB,,,,,,,,,,,10.6,15.0,21.0,2000,1070.0,485.0,193009,681,9.6,841.4,1975-12-01,IA
19,3009,1,G,3,2000-05-20,2.358,2.578,JPCTB,,,,,,,,,,,10.6,15.0,21.0,2000,1070.0,485.0,193009,681,9.6,841.4,1975-12-01,IA
19,3009,1,G,3,2000-05-20,2.358,2.578,JPCTB,,,,,,,,,,,10.6,15.0,21.0,2000,1070.0,485.0,193009,681,9.6,841.4,1975-12-01,IA
19,3009,1,G,3,2000-05-20,2.358,2.578,JPCTB,,,,,,,,,,,10.6,15.0,21.0,2000,1070.0,485.0,193009,681,9.6,841.4,1975-12-01,IA
19,3009,1,G,3,2000-05-20,2.333,2.552,JPCTB,,,,,,,,,,,10.6,15.0,21.0,2000,1070.0,485.0,193009,681,9.6,841.4,1975-12-01,IA
19,3009,1,G,3,2000-05-20,2.333,2.552,JPCTB,,,,,,,,,,,10.6,15.0,21.0,2000,1070.0,485.0,193009,681,9.6,841.4,1975-12-01,IA
19,3009,1,G,3,2000-05-20,2.333,2.552,JPCTB,,,,,,,,,,,10.6,15.0,21.0,2000,1070.0,485.0,193009,681,9.6,841.4,1975-12-01,IA
19,3009,1,G,3,2000-05-20,2.385,2.544,JPCTB,,,,,,,,,,,10.6,15.0,21.0,2000,1070.0,485.0,193009,681,9.6,841.4,1975-12-01,IA
19,3009,1,G,3,2000-05-20,2.385,2.544,JPCTB,,,,,,,,,,,10.6,15.0,21.0,2000,1070.0,485.0,193009,681,9.6,841.4,1975-12-01,IA
19,3009,1,G,3,2000-05-20,2.385,2.544,JPCTB,,,,,,,,,,,10.6,15.0,21.0,2000,1070.0,485.0,193009,681,9.6,841.4,1975-12-01,IA
19,3009,1,G,3,2001-08-09,2.306,2.431,JPCTB,4,8.0,0.7,0.0,2,0.0,,,,,10.6,15.0,21.0,2001,1020.0,487.0,193009,516,10.0,913.8,1975-12-01,IA
19,3009,1,G,3,2001-08-09,2.306,2.431,JPCTB,4,8.0,0.7,0.0,2,0.0,,,,,10.6,15.0,21.0,2001,1020.0,487.0,193009,516,10.0,913.8,1975-12-01,IA
19,3009,1,G,3,2001-08-09,2.306,2.431,JPCTB,4,8.0,0.7,0.0,2,0.0,,,,,10.6,15.0,21.0,2001,1020.0,487.0,193009,516,10.0,913.8,1975-12-01,IA
19,3009,1,G,3,2001-08-09,2.327,2.454,JPCTB,4,8.0,0.7,0.0,2,0.0,,,,,10.6,15.0,21.0,2001,1020.0,487.0,193009,516,10.0,913.8,1975-12-01,IA
19,3009,1,G,3,2001-08-09,2.327,2.454,JPCTB,4,8.0,0.7,0.0,2,0.0,,,,,10.6,15.0,21.0,2001,1020.0,487.0,193009,516,10.0,913.8,1975-12-01,IA
19,3009,1,G,3,2001-08-09,2.327,2.454,JPCTB,4,8.0,0.7,0.0,2,0.0,,,,,10.6,15.0,21.0,2001,1020.0,487.0,193009,516,10.0,913.8,1975-12-01,IA
19,3009,1,G,3,2001-08-09,2.321,2.44,JPCTB,4,8.0,0.7,0.0,2,0.0,,,,,10.6,15.0,21.0,2001,1020.0,487.0,193009,516,10.0,913.8,1975-12-01,IA
19,3009,1,G,3,2001-08-09,2.321,2.44,JPCTB,4,8.0,0.7,0.0,2,0.0,,,,,10.6,15.0,21.0,2001,1020.0,487.0,193009,516,10.0,913.8,1975-12-01,IA
19,3009,1,G,3,2001-08-09,2.321,2.44,JPCTB,4,8.0,0.7,0.0,2,0.0,,,,,10.6,15.0,21.0,2001,1020.0,487.0,193009,516,10.0,913.8,1975-12-01,IA
19,3009,1,G,3,2001-08-09,2.289,2.444,JPCTB,4,8.0,0.7,0.0,2,0.0,,,,,10.6,15.0,21.0,2001,1020.0,487.0,193009,516,10.0,913.8,1975-12-01,IA
19,3009,1,G,3,2001-08-09,2.289,2.444,JPCTB,4,8.0,0.7,0.0,2,0.0,,,,,10.6,15.0,21.0,2001,1020.0,487.0,193009,516,10.0,913.8,1975-12-01,IA
19,3009,1,G,3,2001-08-09,2.289,2.444,JPCTB,4,8.0,0.7,0.0,2,0.0,,,,,10.6,15.0,21.0,2001,1020.0,487.0,193009,516,10.0,913.8,1975-12-01,IA
19,3009,1,G,3,2001-08-09,2.322,2.454,JPCTB,4,8.0,0.7,0.0,2,0.0,,,,,10.6,15.0,21.0,2001,1020.0,487.0,193009,516,10.0,913.8,1975-12-01,IA
19,3009,1,G,3,2001-08-09,2.322,2.454,JPCTB,4,8.0,0.7,0.0,2,0.0,,,,,10.6,15.0,21.0,2001,1020.0,487.0,193009,516,10.0,913.8,1975-12-01,IA
19,3009,1,G,3,2001-08-09,2.322,2.454,JPCTB,4,8.0,0.7,0.0,2,0.0,,,,,10.6,15.0,21.0,2001,1020.0,487.0,193009,516,10.0,913.8,1975-12-01,IA
19,3009,1,G,3,2004-09-24,2.371,2.55,JPCTB,4,8.0,0.0,0.0,2,0.0,,,,,10.6,15.0,21.0,2004,,567.0,193009,507,9.7,878.6,1975-12-01,IA
19,3009,1,G,3,2004-09-24,2.379,2.529,JPCTB,4,8.0,0.0,0.0,2,0.0,,,,,10.6,15.0,21.0,2004,,567.0,193009,507,9.7,878.6,1975-12-01,IA
19,3009,1,G,3,2004-09-24,2.361,2.454,JPCTB,4,8.0,0.0,0.0,2,0.0,,,,,10.6,15.0,21.0,2004,,567.0,193009,507,9.7,878.6,1975-12-01,IA
19,3009,1,G,3,2004-09-24,2.381,2.533,JPCTB,4,8.0,0.0,0.0,2,0.0,,,,,10.6,15.0,21.0,2004,,567.0,193009,507,9.7,878.6,1975-12-01,IA
19,3009,1,G,3,2004-09-24,2.377,2.479,JPCTB,4,8.0,0.0,0.0,2,0.0,,,,,10.6,15.0,21.0,2004,,567.0,193009,507,9.7,878.6,1975-12-01,IA
19,3009,1,G,3,2007-11-13,2.405,2.586,JPCTB,4,8.0,1.0,2.0,2,0.0,,,,,10.6,15.0,21.0,2007,1030.0,406.0,193009,678,9.9,1042.3,1975-12-01,IA
19,3009,1,G,3,2007-11-13,2.405,2.586,JPCTB,4,8.0,1.0,2.0,2,0.0,,,,,10.6,15.0,21.0,2007,1030.0,406.0,193009,678,9.9,1042.3,1975-12-01,IA
19,3009,1,G,3,2007-11-13,2.405,2.586,JPCTB,4,8.0,1.0,2.0,2,0.0,,,,,10.6,15.0,21.0,2007,1030.0,406.0,193009,678,9.9,1042.3,1975-12-01,IA
19,3009,1,G,3,2007-11-13,2.458,2.607,JPCTB,4,8.0,1.0,2.0,2,0.0,,,,,10.6,15.0,21.0,2007,1030.0,406.0,193009,678,9.9,1042.3,1975-12-01,IA
19,3009,1,G,3,2007-11-13,2.458,2.607,JPCTB,4,8.0,1.0,2.0,2,0.0,,,,,10.6,15.0,21.0,2007,1030.0,406.0,193009,678,9.9,1042.3,1975-12-01,IA
19,3009,1,G,3,2007-11-13,2.458,2.607,JPCTB,4,8.0,1.0,2.0,2,0.0,,,,,10.6,15.0,21.0,2007,1030.0,406.0,193009,678,9.9,1042.3,1975-12-01,IA
19,3009,1,G,3,2007-11-13,2.435,2.586,JPCTB,4,8.0,1.0,2.0,2,0.0,,,,,10.6,15.0,21.0,2007,1030.0,406.0,193009,678,9.9,1042.3,1975-12-01,IA
19,3009,1,G,3,2007-11-13,2.435,2.586,JPCTB,4,8.0,1.0,2.0,2,0.0,,,,,10.6,15.0,21.0,2007,1030.0,406.0,193009,678,9.9,1042.3,1975-12-01,IA
19,3009,1,G,3,2007-11-13,2.435,2.586,JPCTB,4,8.0,1.0,2.0,2,0.0,,,,,10.6,15.0,21.0,2007,1030.0,406.0,193009,678,9.9,1042.3,1975-12-01,IA
19,3009,1,G,3,2007-11-13,2.413,2.59,JPCTB,4,8.0,1.0,2.0,2,0.0,,,,,10.6,15.0,21.0,2007,1030.0,406.0,193009,678,9.9,1042.3,1975-12-01,IA
19,3009,1,G,3,2007-11-13,2.413,2.59,JPCTB,4,8.0,1.0,2.0,2,0.0,,,,,10.6,15.0,21.0,2007,1030.0,406.0,193009,678,9.9,1042.3,1975-12-01,IA
19,3009,1,G,3,2007-11-13,2.413,2.59,JPCTB,4,8.0,1.0,2.0,2,0.0,,,,,10.6,15.0,21.0,2007,1030.0,406.0,193009,678,9.9,1042.3,1975-12-01,IA
19,3009,1,G,3,2007-11-13,2.436,2.624,JPCTB,4,8.0,1.0,2.0,2,0.0,,,,,10.6,15.0,21.0,2007,1030.0,406.0,193009,678,9.9,1042.3,1975-12-01,IA
19,3009,1,G,3,2007-11-13,2.436,2.624,JPCTB,4,8.0,1.0,2.0,2,0.0,,,,,10.6,15.0,21.0,2007,1030.0,406.0,193009,678,9.9,1042.3,1975-12-01,IA
19,3009,1,G,3,2007-11-13,2.436,2.624,JPCTB,4,8.0,1.0,2.0,2,0.0,,,,,10.6,15.0,21.0,2007,1030.0,406.0,193009,678,9.9,1042.3,1975-12-01,IA
19,3009,2,G,3,2009-08-11,2.424,2.567,JPCTB,0,4.0,-0.2,0.8,1,11.1,,,,,10.6,,,2009,1060.0,807.0,193009,689,8.5,1231.5,,IA
19,3009,2,G,3,2009-08-11,2.424,2.567,JPCTB,0,4.0,-0.2,0.8,1,11.1,,,,,10.6,,,2009,1060.0,807.0,193009,689,8.5,1231.5,,IA
19,3009,2,G,3,2009-08-11,2.424,2.567,JPCTB,0,4.0,-0.2,0.8,1,11.1,,,,,10.6,,,2009,1060.0,807.0,193009,689,8.5,1231.5,,IA
19,3009,2,G,3,2009-08-11,2.45,2.527,JPCTB,0,4.0,-0.2,0.8,1,11.1,,,,,10.6,,,2009,1060.0,807.0,193009,689,8.5,1231.5,,IA
19,3009,2,G,3,2009-08-11,2.45,2.527,JPCTB,0,4.0,-0.2,0.8,1,11.1,,,,,10.6,,,2009,1060.0,807.0,193009,689,8.5,1231.5,,IA
19,3009,2,G,3,2009-08-11,2.45,2.527,JPCTB,0,4.0,-0.2,0.8,1,11.1,,,,,10.6,,,2009,1060.0,807.0,193009,689,8.5,1231.5,,IA
19,3009,2,G,3,2009-08-11,2.433,2.517,JPCTB,0,4.0,-0.2,0.8,1,11.1,,,,,10.6,,,2009,1060.0,807.0,193009,689,8.5,1231.5,,IA
19,3009,2,G,3,2009-08-11,2.433,2.517,JPCTB,0,4.0,-0.2,0.8,1,11.1,,,,,10.6,,,2009,1060.0,807.0,193009,689,8.5,1231.5,,IA
19,3009,2,G,3,2009-08-11,2.433,2.517,JPCTB,0,4.0,-0.2,0.8,1,11.1,,,,,10.6,,,2009,1060.0,807.0,193009,689,8.5,1231.5,,IA
19,3009,2,G,3,2009-08-11,2.412,2.533,JPCTB,0,4.0,-0.2,0.8,1,11.1,,,,,10.6,,,2009,1060.0,807.0,193009,689,8.5,1231.5,,IA
19,3009,2,G,3,2009-08-11,2.412,2.533,JPCTB,0,4.0,-0.2,0.8,1,11.1,,,,,10.6,,,2009,1060.0,807.0,193009,689,8.5,1231.5,,IA
19,3009,2,G,3,2009-08-11,2.412,2.533,JPCTB,0,4.0,-0.2,0.8,1,11.1,,,,,10.6,,,2009,1060.0,807.0,193009,689,8.5,1231.5,,IA
19,3009,2,G,3,2009-08-11,2.434,2.557,JPCTB,0,4.0,-0.2,0.8,1,11.1,,,,,10.6,,,2009,1060.0,807.0,193009,689,8.5,1231.5,,IA
19,3009,2,G,3,2009-08-11,2.434,2.557,JPCTB,0,4.0,-0.2,0.8,1,11.1,,,,,10.6,,,2009,1060.0,807.0,193009,689,8.5,1231.5,,IA
19,3009,2,G,3,2009-08-11,2.434,2.557,JPCTB,0,4.0,-0.2,0.8,1,11.1,,,,,10.6,,,2009,1060.0,807.0,193009,689,8.5,1231.5,,IA
19,3009,2,G,3,2011-08-17,2.585,2.68,JPCTB,0,4.0,0.4,3.0,1,11.1,,,,,10.6,,,2011,1200.0,381.0,193009,437,10.5,889.3,,IA
19,3009,2,G,3,2011-08-17,2.585,2.68,JPCTB,0,4.0,0.4,3.0,1,11.1,,,,,10.6,,,2011,1200.0,381.0,193009,437,10.5,889.3,,IA
19,3009,2,G,3,2011-08-17,2.585,2.68,JPCTB,0,4.0,0.4,3.0,1,11.1,,,,,10.6,,,2011,1200.0,381.0,193009,437,10.5,889.3,,IA
19,3009,2,G,3,2011-08-17,2.6,2.72,JPCTB,0,4.0,0.4,3.0,1,11.1,,,,,10.6,,,2011,1200.0,381.0,193009,437,10.5,889.3,,IA
19,3009,2,G,3,2011-08-17,2.6,2.72,JPCTB,0,4.0,0.4,3.0,1,11.1,,,,,10.6,,,2011,1200.0,381.0,193009,437,10.5,889.3,,IA
19,3009,2,G,3,2011-08-17,2.6,2.72,JPCTB,0,4.0,0.4,3.0,1,11.1,,,,,10.6,,,2011,1200.0,381.0,193009,437,10.5,889.3,,IA
19,3009,2,G,3,2011-08-17,2.572,2.702,JPCTB,0,4.0,0.4,3.0,1,11.1,,,,,10.6,,,2011,1200.0,381.0,193009,437,10.5,889.3,,IA
19,3009,2,G,3,2011-08-17,2.572,2.702,JPCTB,0,4.0,0.4,3.0,1,11.1,,,,,10.6,,,2011,1200.0,381.0,193009,437,10.5,889.3,,IA
19,3009,2,G,3,2011-08-17,2.572,2.702,JPCTB,0,4.0,0.4,3.0,1,11.1,,,,,10.6,,,2011,1200.0,381.0,193009,437,10.5,889.3,,IA
19,3009,2,G,3,2011-08-17,2.607,2.731,JPCTB,0,4.0,0.4,3.0,1,11.1,,,,,10.6,,,2011,1200.0,381.0,193009,437,10.5,889.3,,IA
19,3009,2,G,3,2011-08-17,2.607,2.731,JPCTB,0,4.0,0.4,3.0,1,11.1,,,,,10.6,,,2011,1200.0,381.0,193009,437,10.5,889.3,,IA
19,3009,2,G,3,2011-08-17,2.607,2.731,JPCTB,0,4.0,0.4,3.0,1,11.1,,,,,10.6,,,2011,1200.0,381.0,193009,437,10.5,889.3,,IA
19,3009,2,G,3,2011-08-17,2.611,2.723,JPCTB,0,4.0,0.4,3.0,1,11.1,,,,,10.6,,,2011,1200.0,381.0,193009,437,10.5,889.3,,IA
19,3009,2,G,3,2011-08-17,2.611,2.723,JPCTB,0,4.0,0.4,3.0,1,11.1,,,,,10.6,,,2011,1200.0,381.0,193009,437,10.5,889.3,,IA
19,3009,2,G,3,2011-08-17,2.611,2.723,JPCTB,0,4.0,0.4,3.0,1,11.1,,,,,10.6,,,2011,1200.0,381.0,193009,437,10.5,889.3,,IA
19,3009,4,G,3,2014-05-20,2.68,2.774,JPCTB,4,4.0,1.0,2.7,1,18.5,,,,,10.6,,,2014,,,193009,902,8.0,1010.5,,IA
19,3009,4,G,3,2014-05-20,2.707,2.79,JPCTB,4,4.0,1.0,2.7,1,18.5,,,,,10.6,,,2014,,,193009,902,8.0,1010.5,,IA
19,3009,4,G,3,2014-05-20,2.7,2.769,JPCTB,4,4.0,1.0,2.7,1,18.5,,,,,10.6,,,2014,,,193009,902,8.0,1010.5,,IA
19,3009,4,G,3,2014-05-20,2.7,2.764,JPCTB,4,4.0,1.0,2.7,1,18.5,,,,,10.6,,,2014,,,193009,902,8.0,1010.5,,IA
19,3009,4,G,3,2014-05-20,2.742,2.765,JPCTB,4,4.0,1.0,2.7,1,18.5,,,,,10.6,,,2014,,,193009,902,8.0,1010.5,,IA
19,3028,1,G,3,1990-06-13,1.95,1.497,JPCTB,,,,,,,,,,,9.6,18.0,29.0,1990,,,193028,257,11.5,1222.6,1984-11-01,IA
19,3028,1,G,3,1990-06-13,1.904,1.537,JPCTB,,,,,,,,,,,9.6,18.0,29.0,1990,,,193028,257,11.5,1222.6,1984-11-01,IA
19,3028,1,G,3,1990-06-13,1.755,1.571,JPCTB,,,,,,,,,,,9.6,18.0,29.0,1990,,,193028,257,11.5,1222.6,1984-11-01,IA
19,3028,1,G,3,1990-06-13,1.884,1.445,JPCTB,,,,,,,,,,,9.6,18.0,29.0,1990,,,193028,257,11.5,1222.6,1984-11-01,IA
19,3028,1,G,3,1990-06-13,1.771,1.593,JPCTB,,,,,,,,,,,9.6,18.0,29.0,1990,,,193028,257,11.5,1222.6,1984-11-01,IA
19,3028,1,G,3,1991-06-19,1.854,1.589,JPCTB,,,,,,,,,,,9.6,18.0,29.0,1991,,,193028,446,11.4,822.5,1984-11-01,IA
19,3028,1,G,3,1991-06-19,1.801,1.581,JPCTB,,,,,,,,,,,9.6,18.0,29.0,1991,,,193028,446,11.4,822.5,1984-11-01,IA
19,3028,1,G,3,1991-06-19,1.805,1.558,JPCTB,,,,,,,,,,,9.6,18.0,29.0,1991,,,193028,446,11.4,822.5,1984-11-01,IA
19,3028,1,G,3,1991-06-19,1.812,1.577,JPCTB,,,,,,,,,,,9.6,18.0,29.0,1991,,,193028,446,11.4,822.5,1984-11-01,IA
19,3028,1,G,3,1991-06-19,1.838,1.593,JPCTB,,,,,,,,,,,9.6,18.0,29.0,1991,,,193028,446,11.4,822.5,1984-11-01,IA
19,3028,1,G,3,1992-05-13,1.693,1.577,JPCTB,,,,,,,,,,,9.6,18.0,29.0,1992,830.0,,193028,245,10.6,1087.2,1984-11-01,IA
19,3028,1,G,3,1992-05-13,1.693,1.577,JPCTB,,,,,,,,,,,9.6,18.0,29.0,1992,830.0,,193028,245,10.6,1087.2,1984-11-01,IA
19,3028,1,G,3,1992-05-13,1.745,1.584,JPCTB,,,,,,,,,,,9.6,18.0,29.0,1992,830.0,,193028,245,10.6,1087.2,1984-11-01,IA
19,3028,1,G,3,1992-05-13,1.745,1.584,JPCTB,,,,,,,,,,,9.6,18.0,29.0,1992,830.0,,193028,245,10.6,1087.2,1984-11-01,IA
19,3028,1,G,3,1992-05-13,1.75,1.613,JPCTB,,,,,,,,,,,9.6,18.0,29.0,1992,830.0,,193028,245,10.6,1087.2,1984-11-01,IA
19,3028,1,G,3,1992-05-13,1.75,1.613,JPCTB,,,,,,,,,,,9.6,18.0,29.0,1992,830.0,,193028,245,10.6,1087.2,1984-11-01,IA
19,3028,1,G,3,1992-05-13,1.762,1.566,JPCTB,,,,,,,,,,,9.6,18.0,29.0,1992,830.0,,193028,245,10.6,1087.2,1984-11-01,IA
19,3028,1,G,3,1992-05-13,1.762,1.566,JPCTB,,,,,,,,,,,9.6,18.0,29.0,1992,830.0,,193028,245,10.6,1087.2,1984-11-01,IA
19,3028,1,G,3,1992-05-13,1.688,1.604,JPCTB,,,,,,,,,,,9.6,18.0,29.0,1992,830.0,,193028,245,10.6,1087.2,1984-11-01,IA
19,3028,1,G,3,1992-05-13,1.688,1.604,JPCTB,,,,,,,,,,,9.6,18.0,29.0,1992,830.0,,193028,245,10.6,1087.2,1984-11-01,IA
19,3028,1,G,3,1993-12-01,1.853,1.521,JPCTB,0,0.0,0.4,0.0,0,0.0,,,,,9.6,18.0,29.0,1993,,125.0,193028,474,9.9,1585.1,1984-11-01,IA
19,3028,1,G,3,1993-12-01,1.832,1.534,JPCTB,0,0.0,0.4,0.0,0,0.0,,,,,9.6,18.0,29.0,1993,,125.0,193028,474,9.9,1585.1,1984-11-01,IA
19,3028,1,G,3,1993-12-01,1.758,1.591,JPCTB,0,0.0,0.4,0.0,0,0.0,,,,,9.6,18.0,29.0,1993,,125.0,193028,474,9.9,1585.1,1984-11-01,IA
19,3028,1,G,3,1993-12-01,1.841,1.527,JPCTB,0,0.0,0.4,0.0,0,0.0,,,,,9.6,18.0,29.0,1993,,125.0,193028,474,9.9,1585.1,1984-11-01,IA
19,3028,1,G,3,1993-12-01,1.85,1.507,JPCTB,0,0.0,0.4,0.0,0,0.0,,,,,9.6,18.0,29.0,1993,,125.0,193028,474,9.9,1585.1,1984-11-01,IA
19,3028,1,G,3,1994-09-15,1.91,1.556,JPCTB,0,0.0,0.4,0.0,0,0.0,,,,,9.6,18.0,29.0,1994,,374.0,193028,565,10.7,737.7,1984-11-01,IA
19,3028,1,G,3,1994-09-15,1.946,1.548,JPCTB,0,0.0,0.4,0.0,0,0.0,,,,,9.6,18.0,29.0,1994,,374.0,193028,565,10.7,737.7,1984-11-01,IA
19,3028,1,G,3,1994-09-15,1.866,1.542,JPCTB,0,0.0,0.4,0.0,0,0.0,,,,,9.6,18.0,29.0,1994,,374.0,193028,565,10.7,737.7,1984-11-01,IA
19,3028,1,G,3,1994-09-15,1.914,1.536,JPCTB,0,0.0,0.4,0.0,0,0.0,,,,,9.6,18.0,29.0,1994,,374.0,193028,565,10.7,737.7,1984-11-01,IA
19,3028,1,G,3,1994-09-15,1.802,1.568,JPCTB,0,0.0,0.4,0.0,0,0.0,,,,,9.6,18.0,29.0,1994,,374.0,193028,565,10.7,737.7,1984-11-01,IA
19,3028,1,G,3,1997-09-21,1.885,1.667,JPCTB,,,,,,,,,,,9.6,18.0,29.0,1997,,185.0,193028,426,10.4,802.8,1984-11-01,IA
19,3028,1,G,3,1997-09-21,1.844,1.665,JPCTB,,,,,,,,,,,9.6,18.0,29.0,1997,,185.0,193028,426,10.4,802.8,1984-11-01,IA
19,3028,1,G,3,1997-09-21,1.855,1.643,JPCTB,,,,,,,,,,,9.6,18.0,29.0,1997,,185.0,193028,426,10.4,802.8,1984-11-01,IA
19,3028,1,G,3,1997-09-21,1.94,1.672,JPCTB,,,,,,,,,,,9.6,18.0,29.0,1997,,185.0,193028,426,10.4,802.8,1984-11-01,IA
19,3028,1,G,3,1997-09-21,1.859,1.667,JPCTB,,,,,,,,,,,9.6,18.0,29.0,1997,,185.0,193028,426,10.4,802.8,1984-11-01,IA
19,3028,1,G,3,1998-10-12,2.074,1.785,JPCTB,0,0.0,,0.0,0,0.0,,,,,9.6,18.0,29.0,1998,,175.0,193028,241,12.5,1200.4,1984-11-01,IA
19,3028,1,G,3,1998-10-12,2.113,1.784,JPCTB,0,0.0,,0.0,0,0.0,,,,,9.6,18.0,29.0,1998,,175.0,193028,241,12.5,1200.4,1984-11-01,IA
19,3028,1,G,3,1998-10-12,2.003,1.762,JPCTB,0,0.0,,0.0,0,0.0,,,,,9.6,18.0,29.0,1998,,175.0,193028,241,12.5,1200.4,1984-11-01,IA
19,3028,1,G,3,1998-10-12,2.041,1.77,JPCTB,0,0.0,,0.0,0,0.0,,,,,9.6,18.0,29.0,1998,,175.0,193028,241,12.5,1200.4,1984-11-01,IA
19,3028,1,G,3,1998-10-12,2.053,1.851,JPCTB,0,0.0,,0.0,0,0.0,,,,,9.6,18.0,29.0,1998,,175.0,193028,241,12.5,1200.4,1984-11-01,IA
19,3028,1,G,3,1999-07-18,2.047,1.831,JPCTB,0,0.0,,0.0,0,0.0,,,,,9.6,18.0,29.0,1999,,1510.0,193028,351,11.7,806.9,1984-11-01,IA
19,3028,1,G,3,1999-07-18,2.109,1.804,JPCTB,0,0.0,,0.0,0,0.0,,,,,9.6,18.0,29.0,1999,,1510.0,193028,351,11.7,806.9,1984-11-01,IA
19,3028,1,G,3,1999-07-18,2.042,1.797,JPCTB,0,0.0,,0.0,0,0.0,,,,,9.6,18.0,29.0,1999,,1510.0,193028,351,11.7,806.9,1984-11-01,IA
19,3028,1,G,3,1999-07-18,2.023,1.785,JPCTB,0,0.0,,0.0,0,0.0,,,,,9.6,18.0,29.0,1999,,1510.0,193028,351,11.7,806.9,1984-11-01,IA
19,3028,1,G,3,1999-07-18,2.029,1.805,JPCTB,0,0.0,,0.0,0,0.0,,,,,9.6,18.0,29.0,1999,,1510.0,193028,351,11.7,806.9,1984-11-01,IA
19,3028,2,G,3,2000-05-20,2.082,1.89,JPCTB,,,,,,,,,,,9.6,,,2000,,477.0,193028,547,10.8,932.6,,IA
19,3028,2,G,3,2000-05-20,2.088,1.892,JPCTB,,,,,,,,,,,9.6,,,2000,,477.0,193028,547,10.8,932.6,,IA
19,3028,2,G,3,2000-05-20,2.113,1.867,JPCTB,,,,,,,,,,,9.6,,,2000,,477.0,193028,547,10.8,932.6,,IA
19,3028,2,G,3,2000-05-20,2.099,1.856,JPCTB,,,,,,,,,,,9.6,,,2000,,477.0,193028,547,10.8,932.6,,IA
19,3028,2,G,3,2000-05-20,2.079,1.893,JPCTB,,,,,,,,,,,9.6,,,2000,,477.0,193028,547,10.8,932.6,,IA
19,3028,2,G,3,2001-08-08,1.994,1.904,JPCTB,0,0.0,0.4,0.0,0,0.0,,,,,9.6,,,2001,1250.0,609.0,193028,400,11.3,932.5,,IA
19,3028,2,G,3,2001-08-08,1.994,1.904,JPCTB,0,0.0,0.4,0.0,0,0.0,,,,,9.6,,,2001,1250.0,609.0,193028,400,11.3,932.5,,IA
19,3028,2,G,3,2001-08-08,1.994,1.904,JPCTB,0,0.0,0.4,0.0,0,0.0,,,,,9.6,,,2001,1250.0,609.0,193028,400,11.3,932.5,,IA
19,3028,2,G,3,2001-08-08,2.044,1.91,JPCTB,0,0.0,0.4,0.0,0,0.0,,,,,9.6,,,2001,1250.0,609.0,193028,400,11.3,932.5,,IA
19,3028,2,G,3,2001-08-08,2.044,1.91,JPCTB,0,0.0,0.4,0.0,0,0.0,,,,,9.6,,,2001,1250.0,609.0,193028,400,11.3,932.5,,IA
19,3028,2,G,3,2001-08-08,2.044,1.91,JPCTB,0,0.0,0.4,0.0,0,0.0,,,,,9.6,,,2001,1250.0,609.0,193028,400,11.3,932.5,,IA
19,3028,2,G,3,2001-08-08,2.082,1.898,JPCTB,0,0.0,0.4,0.0,0,0.0,,,,,9.6,,,2001,1250.0,609.0,193028,400,11.3,932.5,,IA
19,3028,2,G,3,2001-08-08,2.082,1.898,JPCTB,0,0.0,0.4,0.0,0,0.0,,,,,9.6,,,2001,1250.0,609.0,193028,400,11.3,932.5,,IA
19,3028,2,G,3,2001-08-08,2.082,1.898,JPCTB,0,0.0,0.4,0.0,0,0.0,,,,,9.6,,,2001,1250.0,609.0,193028,400,11.3,932.5,,IA
19,3028,2,G,3,2001-08-08,2.083,1.902,JPCTB,0,0.0,0.4,0.0,0,0.0,,,,,9.6,,,2001,1250.0,609.0,193028,400,11.3,932.5,,IA
19,3028,2,G,3,2001-08-08,2.083,1.902,JPCTB,0,0.0,0.4,0.0,0,0.0,,,,,9.6,,,2001,1250.0,609.0,193028,400,11.3,932.5,,IA
19,3028,2,G,3,2001-08-08,2.083,1.902,JPCTB,0,0.0,0.4,0.0,0,0.0,,,,,9.6,,,2001,1250.0,609.0,193028,400,11.3,932.5,,IA
19,3028,2,G,3,2001-08-08,2.114,1.924,JPCTB,0,0.0,0.4,0.0,0,0.0,,,,,9.6,,,2001,1250.0,609.0,193028,400,11.3,932.5,,IA
19,3028,2,G,3,2001-08-08,2.114,1.924,JPCTB,0,0.0,0.4,0.0,0,0.0,,,,,9.6,,,2001,1250.0,609.0,193028,400,11.3,932.5,,IA
19,3028,2,G,3,2001-08-08,2.114,1.924,JPCTB,0,0.0,0.4,0.0,0,0.0,,,,,9.6,,,2001,1250.0,609.0,193028,400,11.3,932.5,,IA
19,3028,2,G,3,2004-09-23,2.144,1.961,JPCTB,0,0.0,-0.6,0.0,0,0.0,,,,,9.6,,,2004,1380.0,505.0,193028,413,10.9,936.2,,IA
19,3028,2,G,3,2004-09-23,2.144,1.961,JPCTB,0,0.0,-0.6,0.0,0,0.0,,,,,9.6,,,2004,1380.0,505.0,193028,413,10.9,936.2,,IA
19,3028,2,G,3,2004-09-23,2.144,1.961,JPCTB,0,0.0,-0.6,0.0,0,0.0,,,,,9.6,,,2004,1380.0,505.0,193028,413,10.9,936.2,,IA
19,3028,2,G,3,2004-09-23,2.175,1.947,JPCTB,0,0.0,-0.6,0.0,0,0.0,,,,,9.6,,,2004,1380.0,505.0,193028,413,10.9,936.2,,IA
19,3028,2,G,3,2004-09-23,2.175,1.947,JPCTB,0,0.0,-0.6,0.0,0,0.0,,,,,9.6,,,2004,1380.0,505.0,193028,413,10.9,936.2,,IA
19,3028,2,G,3,2004-09-23,2.175,1.947,JPCTB,0,0.0,-0.6,0.0,0,0.0,,,,,9.6,,,2004,1380.0,505.0,193028,413,10.9,936.2,,IA
19,3028,2,G,3,2004-09-23,2.113,1.963,JPCTB,0,0.0,-0.6,0.0,0,0.0,,,,,9.6,,,2004,1380.0,505.0,193028,413,10.9,936.2,,IA
19,3028,2,G,3,2004-09-23,2.113,1.963,JPCTB,0,0.0,-0.6,0.0,0,0.0,,,,,9.6,,,2004,1380.0,505.0,193028,413,10.9,936.2,,IA
19,3028,2,G,3,2004-09-23,2.113,1.963,JPCTB,0,0.0,-0.6,0.0,0,0.0,,,,,9.6,,,2004,1380.0,505.0,193028,413,10.9,936.2,,IA
19,3028,2,G,3,2004-09-23,2.175,1.955,JPCTB,0,0.0,-0.6,0.0,0,0.0,,,,,9.6,,,2004,1380.0,505.0,193028,413,10.9,936.2,,IA
19,3028,2,G,3,2004-09-23,2.175,1.955,JPCTB,0,0.0,-0.6,0.0,0,0.0,,,,,9.6,,,2004,1380.0,505.0,193028,413,10.9,936.2,,IA
19,3028,2,G,3,2004-09-23,2.175,1.955,JPCTB,0,0.0,-0.6,0.0,0,0.0,,,,,9.6,,,2004,1380.0,505.0,193028,413,10.9,936.2,,IA
19,3028,2,G,3,2004-09-23,2.182,1.941,JPCTB,0,0.0,-0.6,0.0,0,0.0,,,,,9.6,,,2004,1380.0,505.0,193028,413,10.9,936.2,,IA
19,3028,2,G,3,2004-09-23,2.182,1.941,JPCTB,0,0.0,-0.6,0.0,0,0.0,,,,,9.6,,,2004,1380.0,505.0,193028,413,10.9,936.2,,IA
19,3028,2,G,3,2004-09-23,2.182,1.941,JPCTB,0,0.0,-0.6,0.0,0,0.0,,,,,9.6,,,2004,1380.0,505.0,193028,413,10.9,936.2,,IA
19,3028,3,G,3,2007-11-11,2.187,2.218,JPCTB,0,0.0,0.9,0.6,0,14.2,,,,,9.6,,,2007,1420.0,503.0,193028,545,11.0,1116.8,,IA
19,3028,3,G,3,2007-11-11,2.187,2.218,JPCTB,0,0.0,0.9,0.6,0,14.2,,,,,9.6,,,2007,1420.0,503.0,193028,545,11.0,1116.8,,IA
19,3028,3,G,3,2007-11-11,2.187,2.218,JPCTB,0,0.0,0.9,0.6,0,14.2,,,,,9.6,,,2007,1420.0,503.0,193028,545,11.0,1116.8,,IA
19,3028,3,G,3,2007-11-11,2.162,2.225,JPCTB,0,0.0,0.9,0.6,0,14.2,,,,,9.6,,,2007,1420.0,503.0,193028,545,11.0,1116.8,,IA
19,3028,3,G,3,2007-11-11,2.162,2.225,JPCTB,0,0.0,0.9,0.6,0,14.2,,,,,9.6,,,2007,1420.0,503.0,193028,545,11.0,1116.8,,IA
19,3028,3,G,3,2007-11-11,2.162,2.225,JPCTB,0,0.0,0.9,0.6,0,14.2,,,,,9.6,,,2007,1420.0,503.0,193028,545,11.0,1116.8,,IA
19,3028,3,G,3,2007-11-11,2.203,2.184,JPCTB,0,0.0,0.9,0.6,0,14.2,,,,,9.6,,,2007,1420.0,503.0,193028,545,11.0,1116.8,,IA
19,3028,3,G,3,2007-11-11,2.203,2.184,JPCTB,0,0.0,0.9,0.6,0,14.2,,,,,9.6,,,2007,1420.0,503.0,193028,545,11.0,1116.8,,IA
19,3028,3,G,3,2007-11-11,2.203,2.184,JPCTB,0,0.0,0.9,0.6,0,14.2,,,,,9.6,,,2007,1420.0,503.0,193028,545,11.0,1116.8,,IA
19,3028,3,G,3,2007-11-11,2.194,2.205,JPCTB,0,0.0,0.9,0.6,0,14.2,,,,,9.6,,,2007,1420.0,503.0,193028,545,11.0,1116.8,,IA
19,3028,3,G,3,2007-11-11,2.194,2.205,JPCTB,0,0.0,0.9,0.6,0,14.2,,,,,9.6,,,2007,1420.0,503.0,193028,545,11.0,1116.8,,IA
19,3028,3,G,3,2007-11-11,2.194,2.205,JPCTB,0,0.0,0.9,0.6,0,14.2,,,,,9.6,,,2007,1420.0,503.0,193028,545,11.0,1116.8,,IA
19,3028,3,G,3,2007-11-11,2.192,2.135,JPCTB,0,0.0,0.9,0.6,0,14.2,,,,,9.6,,,2007,1420.0,503.0,193028,545,11.0,1116.8,,IA
19,3028,3,G,3,2007-11-11,2.192,2.135,JPCTB,0,0.0,0.9,0.6,0,14.2,,,,,9.6,,,2007,1420.0,503.0,193028,545,11.0,1116.8,,IA
19,3028,3,G,3,2007-11-11,2.192,2.135,JPCTB,0,0.0,0.9,0.6,0,14.2,,,,,9.6,,,2007,1420.0,503.0,193028,545,11.0,1116.8,,IA
19,3028,4,G,3,2009-05-29,2.622,2.646,JPCTB,0,0.0,,4.9,0,32.6,,,,,9.6,,,2009,,,193028,553,9.7,1191.7,,IA
19,3028,4,G,3,2009-05-29,2.707,2.71,JPCTB,0,0.0,,4.9,0,32.6,,,,,9.6,,,2009,,,193028,553,9.7,1191.7,,IA
19,3028,4,G,3,2009-05-29,2.401,3.348,JPCTB,0,0.0,,4.9,0,32.6,,,,,9.6,,,2009,,,193028,553,9.7,1191.7,,IA
19,3028,4,G,3,2009-05-29,2.55,2.542,JPCTB,0,0.0,,4.9,0,32.6,,,,,9.6,,,2009,,,193028,553,9.7,1191.7,,IA
19,3028,4,G,3,2009-05-29,2.614,3.249,JPCTB,0,0.0,,4.9,0,32.6,,,,,9.6,,,2009,,,193028,553,9.7,1191.7,,IA
19,3033,1,G,3,1990-06-13,1.605,1.777,JPCTB,,,,,,,,,,,9.6,16.0,31.0,1990,,,193033,256,11.6,1214.4,1983-08-01,IA
19,3033,1,G,3,1990-06-13,1.573,1.736,JPCTB,,,,,,,,,,,9.6,16.0,31.0,1990,,,193033,256,11.6,1214.4,1983-08-01,IA
19,3033,1,G,3,1990-06-13,1.624,1.76,JPCTB,,,,,,,,,,,9.6,16.0,31.0,1990,,,193033,256,11.6,1214.4,1983-08-01,IA
19,3033,1,G,3,1990-06-13,1.625,1.8,JPCTB,,,,,,,,,,,9.6,16.0,31.0,1990,,,193033,256,11.6,1214.4,1983-08-01,IA
19,3033,1,G,3,1990-06-13,1.581,1.778,JPCTB,,,,,,,,,,,9.6,16.0,31.0,1990,,,193033,256,11.6,1214.4,1983-08-01,IA
19,3033,1,G,3,1991-06-19,1.622,1.845,JPCTB,,,,,,,,,,,9.6,16.0,31.0,1991,,,193033,445,11.5,812.3,1983-08-01,IA
19,3033,1,G,3,1991-06-19,1.64,1.795,JPCTB,,,,,,,,,,,9.6,16.0,31.0,1991,,,193033,445,11.5,812.3,1983-08-01,IA
19,3033,1,G,3,1991-06-19,1.624,1.869,JPCTB,,,,,,,,,,,9.6,16.0,31.0,1991,,,193033,445,11.5,812.3,1983-08-01,IA
19,3033,1,G,3,1991-06-19,1.66,1.811,JPCTB,,,,,,,,,,,9.6,16.0,31.0,1991,,,193033,445,11.5,812.3,1983-08-01,IA
19,3033,1,G,3,1991-06-19,1.6,1.833,JPCTB,,,,,,,,,,,9.6,16.0,31.0,1991,,,193033,445,11.5,812.3,1983-08-01,IA
19,3033,1,G,3,1992-05-13,1.633,1.768,JPCTB,,,,,,,,,,,9.6,16.0,31.0,1992,,,193033,241,10.7,1092.0,1983-08-01,IA
19,3033,1,G,3,1992-05-13,1.57,1.757,JPCTB,,,,,,,,,,,9.6,16.0,31.0,1992,,,193033,241,10.7,1092.0,1983-08-01,IA
19,3033,1,G,3,1992-05-13,1.534,1.769,JPCTB,,,,,,,,,,,9.6,16.0,31.0,1992,,,193033,241,10.7,1092.0,1983-08-01,IA
19,3033,1,G,3,1992-05-13,1.6,1.775,JPCTB,,,,,,,,,,,9.6,16.0,31.0,1992,,,193033,241,10.7,1092.0,1983-08-01,IA
19,3033,1,G,3,1992-05-13,1.554,1.776,JPCTB,,,,,,,,,,,9.6,16.0,31.0,1992,,,193033,241,10.7,1092.0,1983-08-01,IA
19,3033,1,G,3,1993-12-01,1.632,1.615,JPCTB,0,0.0,0.2,0.0,0,0.0,,,,,9.6,16.0,31.0,1993,,,193033,474,9.9,1555.8,1983-08-01,IA
19,3033,1,G,3,1993-12-01,1.594,1.665,JPCTB,0,0.0,0.2,0.0,0,0.0,,,,,9.6,16.0,31.0,1993,,,193033,474,9.9,1555.8,1983-08-01,IA
19,3033,1,G,3,1993-12-01,1.513,1.679,JPCTB,0,0.0,0.2,0.0,0,0.0,,,,,9.6,16.0,31.0,1993,,,193033,474,9.9,1555.8,1983-08-01,IA
19,3033,1,G,3,1993-12-01,1.547,1.689,JPCTB,0,0.0,0.2,0.0,0,0.0,,,,,9.6,16.0,31.0,1993,,,193033,474,9.9,1555.8,1983-08-01,IA
19,3033,1,G,3,1993-12-01,1.576,1.669,JPCTB,0,0.0,0.2,0.0,0,0.0,,,,,9.6,16.0,31.0,1993,,,193033,474,9.9,1555.8,1983-08-01,IA
19,3033,1,G,3,1994-09-14,1.579,1.731,JPCTB,0,0.0,0.2,0.0,0,0.0,,,,,9.6,16.0,31.0,1994,,453.0,193033,560,10.8,735.4,1983-08-01,IA
19,3033,1,G,3,1994-09-14,1.605,1.732,JPCTB,0,0.0,0.2,0.0,0,0.0,,,,,9.6,16.0,31.0,1994,,453.0,193033,560,10.8,735.4,1983-08-01,IA
19,3033,1,G,3,1994-09-14,1.601,1.723,JPCTB,0,0.0,0.2,0.0,0,0.0,,,,,9.6,16.0,31.0,1994,,453.0,193033,560,10.8,735.4,1983-08-01,IA
19,3033,1,G,3,1994-09-14,1.628,1.762,JPCTB,0,0.0,0.2,0.0,0,0.0,,,,,9.6,16.0,31.0,1994,,453.0,193033,560,10.8,735.4,1983-08-01,IA
19,3033,1,G,3,1994-09-14,1.624,1.731,JPCTB,0,0.0,0.2,0.0,0,0.0,,,,,9.6,16.0,31.0,1994,,453.0,193033,560,10.8,735.4,1983-08-01,IA
19,3033,1,G,3,1997-09-21,1.55,1.659,JPCTB,,,,,,,,,,,9.6,16.0,31.0,1997,,208.0,193033,431,10.4,816.5,1983-08-01,IA
19,3033,1,G,3,1997-09-21,1.563,1.666,JPCTB,,,,,,,,,,,9.6,16.0,31.0,1997,,208.0,193033,431,10.4,816.5,1983-08-01,IA
19,3033,1,G,3,1997-09-21,1.604,1.669,JPCTB,,,,,,,,,,,9.6,16.0,31.0,1997,,208.0,193033,431,10.4,816.5,1983-08-01,IA
19,3033,1,G,3,1997-09-21,1.58,1.601,JPCTB,,,,,,,,,,,9.6,16.0,31.0,1997,,208.0,193033,431,10.4,816.5,1983-08-01,IA
19,3033,1,G,3,1997-09-21,1.562,1.68,JPCTB,,,,,,,,,,,9.6,16.0,31.0,1997,,208.0,193033,431,10.4,816.5,1983-08-01,IA
19,3033,1,G,3,1998-10-12,1.532,1.653,JPCTB,0,0.0,0.2,0.0,0,0.0,,,,,9.6,16.0,31.0,1998,,625.0,193033,246,12.5,1204.9,1983-08-01,IA
19,3033,1,G,3,1998-10-12,1.544,1.64,JPCTB,0,0.0,0.2,0.0,0,0.0,,,,,9.6,16.0,31.0,1998,,625.0,193033,246,12.5,1204.9,1983-08-01,IA
19,3033,1,G,3,1998-10-12,1.544,1.669,JPCTB,0,0.0,0.2,0.0,0,0.0,,,,,9.6,16.0,31.0,1998,,625.0,193033,246,12.5,1204.9,1983-08-01,IA
19,3033,1,G,3,1998-10-12,1.531,1.682,JPCTB,0,0.0,0.2,0.0,0,0.0,,,,,9.6,16.0,31.0,1998,,625.0,193033,246,12.5,1204.9,1983-08-01,IA
19,3033,1,G,3,1998-10-12,1.537,1.658,JPCTB,0,0.0,0.2,0.0,0,0.0,,,,,9.6,16.0,31.0,1998,,625.0,193033,246,12.5,1204.9,1983-08-01,IA
19,3033,1,G,3,1999-07-18,1.564,1.691,JPCTB,0,0.0,0.2,0.0,0,0.0,,,,,9.6,16.0,31.0,1999,,551.0,193033,355,11.6,806.4,1983-08-01,IA
19,3033,1,G,3,1999-07-18,1.561,1.664,JPCTB,0,0.0,0.2,0.0,0,0.0,,,,,9.6,16.0,31.0,1999,,551.0,193033,355,11.6,806.4,1983-08-01,IA
19,3033,1,G,3,1999-07-18,1.578,1.651,JPCTB,0,0.0,0.2,0.0,0,0.0,,,,,9.6,16.0,31.0,1999,,551.0,193033,355,11.6,806.4,1983-08-01,IA
19,3033,1,G,3,1999-07-18,1.583,1.661,JPCTB,0,0.0,0.2,0.0,0,0.0,,,,,9.6,16.0,31.0,1999,,551.0,193033,355,11.6,806.4,1983-08-01,IA
19,3033,1,G,3,1999-07-18,1.558,1.639,JPCTB,0,0.0,0.2,0.0,0,0.0,,,,,9.6,16.0,31.0,1999,,551.0,193033,355,11.6,806.4,1983-08-01,IA
19,3033,1,G,3,2000-05-20,1.583,1.618,JPCTB,,,,,,,,,,,9.6,16.0,31.0,2000,940.0,572.0,193033,552,10.9,925.5,1983-08-01,IA
19,3033,1,G,3,2000-05-20,1.583,1.618,JPCTB,,,,,,,,,,,9.6,16.0,31.0,2000,940.0,572.0,193033,552,10.9,925.5,1983-08-01,IA
19,3033,1,G,3,2000-05-20,1.583,1.618,JPCTB,,,,,,,,,,,9.6,16.0,31.0,2000,940.0,572.0,193033,552,10.9,925.5,1983-08-01,IA
19,3033,1,G,3,2000-05-20,1.559,1.678,JPCTB,,,,,,,,,,,9.6,16.0,31.0,2000,940.0,572.0,193033,552,10.9,925.5,1983-08-01,IA
19,3033,1,G,3,2000-05-20,1.559,1.678,JPCTB,,,,,,,,,,,9.6,16.0,31.0,2000,940.0,572.0,193033,552,10.9,925.5,1983-08-01,IA
19,3033,1,G,3,2000-05-20,1.559,1.678,JPCTB,,,,,,,,,,,9.6,16.0,31.0,2000,940.0,572.0,193033,552,10.9,925.5,1983-08-01,IA
19,3033,1,G,3,2000-05-20,1.576,1.626,JPCTB,,,,,,,,,,,9.6,16.0,31.0,2000,940.0,572.0,193033,552,10.9,925.5,1983-08-01,IA
19,3033,1,G,3,2000-05-20,1.576,1.626,JPCTB,,,,,,,,,,,9.6,16.0,31.0,2000,940.0,572.0,193033,552,10.9,925.5,1983-08-01,IA
19,3033,1,G,3,2000-05-20,1.576,1.626,JPCTB,,,,,,,,,,,9.6,16.0,31.0,2000,940.0,572.0,193033,552,10.9,925.5,1983-08-01,IA
19,3033,1,G,3,2000-05-20,1.553,1.652,JPCTB,,,,,,,,,,,9.6,16.0,31.0,2000,940.0,572.0,193033,552,10.9,925.5,1983-08-01,IA
19,3033,1,G,3,2000-05-20,1.553,1.652,JPCTB,,,,,,,,,,,9.6,16.0,31.0,2000,940.0,572.0,193033,552,10.9,925.5,1983-08-01,IA
19,3033,1,G,3,2000-05-20,1.553,1.652,JPCTB,,,,,,,,,,,9.6,16.0,31.0,2000,940.0,572.0,193033,552,10.9,925.5,1983-08-01,IA
19,3033,1,G,3,2000-05-20,1.542,1.685,JPCTB,,,,,,,,,,,9.6,16.0,31.0,2000,940.0,572.0,193033,552,10.9,925.5,1983-08-01,IA
19,3033,1,G,3,2000-05-20,1.542,1.685,JPCTB,,,,,,,,,,,9.6,16.0,31.0,2000,940.0,572.0,193033,552,10.9,925.5,1983-08-01,IA
19,3033,1,G,3,2000-05-20,1.542,1.685,JPCTB,,,,,,,,,,,9.6,16.0,31.0,2000,940.0,572.0,193033,552,10.9,925.5,1983-08-01,IA
19,3033,1,G,3,2001-08-08,1.494,1.875,JPCTB,,,,,,,,,,,9.6,16.0,31.0,2001,950.0,611.0,193033,405,11.3,957.5,1983-08-01,IA
19,3033,1,G,3,2001-08-08,1.494,1.875,JPCTB,,,,,,,,,,,9.6,16.0,31.0,2001,950.0,611.0,193033,405,11.3,957.5,1983-08-01,IA
19,3033,1,G,3,2001-08-08,1.494,1.875,JPCTB,,,,,,,,,,,9.6,16.0,31.0,2001,950.0,611.0,193033,405,11.3,957.5,1983-08-01,IA
19,3033,1,G,3,2001-08-08,1.568,1.734,JPCTB,,,,,,,,,,,9.6,16.0,31.0,2001,950.0,611.0,193033,405,11.3,957.5,1983-08-01,IA
19,3033,1,G,3,2001-08-08,1.568,1.734,JPCTB,,,,,,,,,,,9.6,16.0,31.0,2001,950.0,611.0,193033,405,11.3,957.5,1983-08-01,IA
19,3033,1,G,3,2001-08-08,1.568,1.734,JPCTB,,,,,,,,,,,9.6,16.0,31.0,2001,950.0,611.0,193033,405,11.3,957.5,1983-08-01,IA
19,3033,1,G,3,2001-08-08,1.56,1.744,JPCTB,,,,,,,,,,,9.6,16.0,31.0,2001,950.0,611.0,193033,405,11.3,957.5,1983-08-01,IA
19,3033,1,G,3,2001-08-08,1.56,1.744,JPCTB,,,,,,,,,,,9.6,16.0,31.0,2001,950.0,611.0,193033,405,11.3,957.5,1983-08-01,IA
19,3033,1,G,3,2001-08-08,1.56,1.744,JPCTB,,,,,,,,,,,9.6,16.0,31.0,2001,950.0,611.0,193033,405,11.3,957.5,1983-08-01,IA
19,3033,1,G,3,2001-08-08,1.475,1.882,JPCTB,,,,,,,,,,,9.6,16.0,31.0,2001,950.0,611.0,193033,405,11.3,957.5,1983-08-01,IA
19,3033,1,G,3,2001-08-08,1.475,1.882,JPCTB,,,,,,,,,,,9.6,16.0,31.0,2001,950.0,611.0,193033,405,11.3,957.5,1983-08-01,IA
19,3033,1,G,3,2001-08-08,1.475,1.882,JPCTB,,,,,,,,,,,9.6,16.0,31.0,2001,950.0,611.0,193033,405,11.3,957.5,1983-08-01,IA
19,3033,1,G,3,2001-08-08,1.486,1.842,JPCTB,,,,,,,,,,,9.6,16.0,31.0,2001,950.0,611.0,193033,405,11.3,957.5,1983-08-01,IA
19,3033,1,G,3,2001-08-08,1.486,1.842,JPCTB,,,,,,,,,,,9.6,16.0,31.0,2001,950.0,611.0,193033,405,11.3,957.5,1983-08-01,IA
19,3033,1,G,3,2001-08-08,1.486,1.842,JPCTB,,,,,,,,,,,9.6,16.0,31.0,2001,950.0,611.0,193033,405,11.3,957.5,1983-08-01,IA
19,3033,2,G,3,2004-09-23,1.551,1.639,JPCTB,0,0.0,0.0,0.6,0,0.0,,,,,9.6,,,2004,,494.0,193033,418,10.8,934.7,,IA
19,3033,2,G,3,2004-09-23,1.552,1.668,JPCTB,0,0.0,0.0,0.6,0,0.0,,,,,9.6,,,2004,,494.0,193033,418,10.8,934.7,,IA
19,3033,2,G,3,2004-09-23,1.553,1.648,JPCTB,0,0.0,0.0,0.6,0,0.0,,,,,9.6,,,2004,,494.0,193033,418,10.8,934.7,,IA
19,3033,2,G,3,2004-09-23,1.566,1.652,JPCTB,0,0.0,0.0,0.6,0,0.0,,,,,9.6,,,2004,,494.0,193033,418,10.8,934.7,,IA
19,3033,2,G,3,2004-09-23,1.54,1.659,JPCTB,0,0.0,0.0,0.6,0,0.0,,,,,9.6,,,2004,,494.0,193033,418,10.8,934.7,,IA
19,3033,2,G,3,2007-11-11,1.53,1.737,JPCTB,0,0.0,0.4,0.0,0,0.0,,,,,9.6,,,2007,1210.0,410.0,193033,503,11.4,1148.8,,IA
19,3033,2,G,3,2007-11-11,1.53,1.737,JPCTB,0,0.0,0.4,0.0,0,0.0,,,,,9.6,,,2007,1210.0,410.0,193033,503,11.4,1148.8,,IA
19,3033,2,G,3,2007-11-11,1.53,1.737,JPCTB,0,0.0,0.4,0.0,0,0.0,,,,,9.6,,,2007,1210.0,410.0,193033,503,11.4,1148.8,,IA
19,3033,2,G,3,2007-11-11,1.529,1.732,JPCTB,0,0.0,0.4,0.0,0,0.0,,,,,9.6,,,2007,1210.0,410.0,193033,503,11.4,1148.8,,IA
19,3033,2,G,3,2007-11-11,1.529,1.732,JPCTB,0,0.0,0.4,0.0,0,0.0,,,,,9.6,,,2007,1210.0,410.0,193033,503,11.4,1148.8,,IA
19,3033,2,G,3,2007-11-11,1.529,1.732,JPCTB,0,0.0,0.4,0.0,0,0.0,,,,,9.6,,,2007,1210.0,410.0,193033,503,11.4,1148.8,,IA
19,3033,2,G,3,2007-11-11,1.524,1.729,JPCTB,0,0.0,0.4,0.0,0,0.0,,,,,9.6,,,2007,1210.0,410.0,193033,503,11.4,1148.8,,IA
19,3033,2,G,3,2007-11-11,1.524,1.729,JPCTB,0,0.0,0.4,0.0,0,0.0,,,,,9.6,,,2007,1210.0,410.0,193033,503,11.4,1148.8,,IA
19,3033,2,G,3,2007-11-11,1.524,1.729,JPCTB,0,0.0,0.4,0.0,0,0.0,,,,,9.6,,,2007,1210.0,410.0,193033,503,11.4,1148.8,,IA
19,3033,2,G,3,2007-11-11,1.492,1.728,JPCTB,0,0.0,0.4,0.0,0,0.0,,,,,9.6,,,2007,1210.0,410.0,193033,503,11.4,1148.8,,IA
19,3033,2,G,3,2007-11-11,1.492,1.728,JPCTB,0,0.0,0.4,0.0,0,0.0,,,,,9.6,,,2007,1210.0,410.0,193033,503,11.4,1148.8,,IA
19,3033,2,G,3,2007-11-11,1.492,1.728,JPCTB,0,0.0,0.4,0.0,0,0.0,,,,,9.6,,,2007,1210.0,410.0,193033,503,11.4,1148.8,,IA
19,3033,2,G,3,2007-11-11,1.486,1.757,JPCTB,0,0.0,0.4,0.0,0,0.0,,,,,9.6,,,2007,1210.0,410.0,193033,503,11.4,1148.8,,IA
19,3033,2,G,3,2007-11-11,1.486,1.757,JPCTB,0,0.0,0.4,0.0,0,0.0,,,,,9.6,,,2007,1210.0,410.0,193033,503,11.4,1148.8,,IA
19,3033,2,G,3,2007-11-11,1.486,1.757,JPCTB,0,0.0,0.4,0.0,0,0.0,,,,,9.6,,,2007,1210.0,410.0,193033,503,11.4,1148.8,,IA
19,3033,2,G,3,2009-08-11,1.613,1.78,JPCTB,0,0.0,0.0,0.4,0,0.0,,,,,9.6,,,2009,,435.0,193033,503,10.2,1172.7,,IA
19,3033,2,G,3,2009-08-11,1.527,1.852,JPCTB,0,0.0,0.0,0.4,0,0.0,,,,,9.6,,,2009,,435.0,193033,503,10.2,1172.7,,IA
19,3033,2,G,3,2009-08-11,1.545,1.835,JPCTB,0,0.0,0.0,0.4,0,0.0,,,,,9.6,,,2009,,435.0,193033,503,10.2,1172.7,,IA
19,3033,2,G,3,2009-08-11,1.568,1.824,JPCTB,0,0.0,0.0,0.4,0,0.0,,,,,9.6,,,2009,,435.0,193033,503,10.2,1172.7,,IA
19,3033,2,G,3,2009-08-11,1.597,1.776,JPCTB,0,0.0,0.0,0.4,0,0.0,,,,,9.6,,,2009,,435.0,193033,503,10.2,1172.7,,IA
19,3033,2,G,3,2011-03-29,1.581,1.904,JPCTB,0,0.0,0.8,0.4,0,0.0,,,,,9.6,,,2011,1210.0,623.0,193033,362,11.3,827.6,,IA
19,3033,2,G,3,2011-03-29,1.581,1.904,JPCTB,0,0.0,0.8,0.4,0,0.0,,,,,9.6,,,2011,1210.0,623.0,193033,362,11.3,827.6,,IA
19,3033,2,G,3,2011-03-29,1.581,1.904,JPCTB,0,0.0,0.8,0.4,0,0.0,,,,,9.6,,,2011,1210.0,623.0,193033,362,11.3,827.6,,IA
19,3033,2,G,3,2011-03-29,1.525,1.954,JPCTB,0,0.0,0.8,0.4,0,0.0,,,,,9.6,,,2011,1210.0,623.0,193033,362,11.3,827.6,,IA
19,3033,2,G,3,2011-03-29,1.525,1.954,JPCTB,0,0.0,0.8,0.4,0,0.0,,,,,9.6,,,2011,1210.0,623.0,193033,362,11.3,827.6,,IA
19,3033,2,G,3,2011-03-29,1.525,1.954,JPCTB,0,0.0,0.8,0.4,0,0.0,,,,,9.6,,,2011,1210.0,623.0,193033,362,11.3,827.6,,IA
19,3033,2,G,3,2011-03-29,1.524,1.906,JPCTB,0,0.0,0.8,0.4,0,0.0,,,,,9.6,,,2011,1210.0,623.0,193033,362,11.3,827.6,,IA
19,3033,2,G,3,2011-03-29,1.524,1.906,JPCTB,0,0.0,0.8,0.4,0,0.0,,,,,9.6,,,2011,1210.0,623.0,193033,362,11.3,827.6,,IA
19,3033,2,G,3,2011-03-29,1.524,1.906,JPCTB,0,0.0,0.8,0.4,0,0.0,,,,,9.6,,,2011,1210.0,623.0,193033,362,11.3,827.6,,IA
19,3033,2,G,3,2011-03-29,1.606,1.923,JPCTB,0,0.0,0.8,0.4,0,0.0,,,,,9.6,,,2011,1210.0,623.0,193033,362,11.3,827.6,,IA
19,3033,2,G,3,2011-03-29,1.606,1.923,JPCTB,0,0.0,0.8,0.4,0,0.0,,,,,9.6,,,2011,1210.0,623.0,193033,362,11.3,827.6,,IA
19,3033,2,G,3,2011-03-29,1.606,1.923,JPCTB,0,0.0,0.8,0.4,0,0.0,,,,,9.6,,,2011,1210.0,623.0,193033,362,11.3,827.6,,IA
19,3033,2,G,3,2011-03-29,1.513,1.961,JPCTB,0,0.0,0.8,0.4,0,0.0,,,,,9.6,,,2011,1210.0,623.0,193033,362,11.3,827.6,,IA
19,3033,2,G,3,2011-03-29,1.513,1.961,JPCTB,0,0.0,0.8,0.4,0,0.0,,,,,9.6,,,2011,1210.0,623.0,193033,362,11.3,827.6,,IA
19,3033,2,G,3,2011-03-29,1.513,1.961,JPCTB,0,0.0,0.8,0.4,0,0.0,,,,,9.6,,,2011,1210.0,623.0,193033,362,11.3,827.6,,IA
19,3033,3,G,3,2016-07-15,1.409,2.109,JPCTB,0,0.0,0.4,1.9,0,0.0,,,,,9.6,,,2016,,,193033,426,11.2,855.1,,IA
19,3033,3,G,3,2016-07-15,1.389,2.154,JPCTB,0,0.0,0.4,1.9,0,0.0,,,,,9.6,,,2016,,,193033,426,11.2,855.1,,IA
19,3033,3,G,3,2016-07-15,1.4,2.099,JPCTB,0,0.0,0.4,1.9,0,0.0,,,,,9.6,,,2016,,,193033,426,11.2,855.1,,IA
19,3033,3,G,3,2016-07-15,1.389,2.123,JPCTB,0,0.0,0.4,1.9,0,0.0,,,,,9.6,,,2016,,,193033,426,11.2,855.1,,IA
19,3033,3,G,3,2016-07-15,1.387,2.111,JPCTB,0,0.0,0.4,1.9,0,0.0,,,,,9.6,,,2016,,,193033,426,11.2,855.1,,IA
19,3033,3,G,3,2016-07-15,1.405,2.173,JPCTB,0,0.0,0.4,1.9,0,0.0,,,,,9.6,,,2016,,,193033,426,11.2,855.1,,IA
19,3033,3,G,3,2016-07-15,1.416,2.185,JPCTB,0,0.0,0.4,1.9,0,0.0,,,,,9.6,,,2016,,,193033,426,11.2,855.1,,IA
19,3033,3,G,3,2016-07-15,1.401,2.198,JPCTB,0,0.0,0.4,1.9,0,0.0,,,,,9.6,,,2016,,,193033,426,11.2,855.1,,IA
19,3033,3,G,3,2016-07-15,1.376,2.098,JPCTB,0,0.0,0.4,1.9,0,0.0,,,,,9.6,,,2016,,,193033,426,11.2,855.1,,IA
19,3033,3,G,3,2016-07-15,1.414,2.212,JPCTB,0,0.0,0.4,1.9,0,0.0,,,,,9.6,,,2016,,,193033,426,11.2,855.1,,IA
19,3033,3,G,3,2016-07-15,1.513,2.178,JPCTB,0,0.0,0.4,1.9,0,0.0,,,,,9.6,,,2016,,,193033,426,11.2,855.1,,IA
19,3033,3,G,3,2016-07-15,1.433,2.187,JPCTB,0,0.0,0.4,1.9,0,0.0,,,,,9.6,,,2016,,,193033,426,11.2,855.1,,IA
19,3033,3,G,3,2016-07-15,1.433,2.208,JPCTB,0,0.0,0.4,1.9,0,0.0,,,,,9.6,,,2016,,,193033,426,11.2,855.1,,IA
19,3033,3,G,3,2016-07-15,1.462,2.268,JPCTB,0,0.0,0.4,1.9,0,0.0,,,,,9.6,,,2016,,,193033,426,11.2,855.1,,IA
19,3033,3,G,3,2016-07-15,1.432,2.254,JPCTB,0,0.0,0.4,1.9,0,0.0,,,,,9.6,,,2016,,,193033,426,11.2,855.1,,IA
19,3033,3,G,3,2015-04-30,1.578,2.047,JPCTB,,,,,,,,,,,9.6,,,2015,1320.0,,193033,567,10.1,1066.9,,IA
19,3033,3,G,3,2015-04-30,1.578,2.047,JPCTB,,,,,,,,,,,9.6,,,2015,1320.0,,193033,567,10.1,1066.9,,IA
19,3033,3,G,3,2015-04-30,1.555,2.101,JPCTB,,,,,,,,,,,9.6,,,2015,1320.0,,193033,567,10.1,1066.9,,IA
19,3033,3,G,3,2015-04-30,1.555,2.101,JPCTB,,,,,,,,,,,9.6,,,2015,1320.0,,193033,567,10.1,1066.9,,IA
19,3033,3,G,3,2015-04-30,1.6,2.073,JPCTB,,,,,,,,,,,9.6,,,2015,1320.0,,193033,567,10.1,1066.9,,IA
19,3033,3,G,3,2015-04-30,1.6,2.073,JPCTB,,,,,,,,,,,9.6,,,2015,1320.0,,193033,567,10.1,1066.9,,IA
19,3033,3,G,3,2015-04-30,1.625,2.052,JPCTB,,,,,,,,,,,9.6,,,2015,1320.0,,193033,567,10.1,1066.9,,IA
19,3033,3,G,3,2015-04-30,1.625,2.052,JPCTB,,,,,,,,,,,9.6,,,2015,1320.0,,193033,567,10.1,1066.9,,IA
19,3033,3,G,3,2015-04-30,1.585,2.08,JPCTB,,,,,,,,,,,9.6,,,2015,1320.0,,193033,567,10.1,1066.9,,IA
19,3033,3,G,3,2015-04-30,1.585,2.08,JPCTB,,,,,,,,,,,9.6,,,2015,1320.0,,193033,567,10.1,1066.9,,IA
19,3033,3,G,3,2013-11-02,1.498,1.912,JPCTB,,,,,,,,,,,9.6,,,2013,1230.0,,193033,581,9.4,957.0,,IA
19,3033,3,G,3,2013-11-02,1.498,1.912,JPCTB,,,,,,,,,,,9.6,,,2013,1230.0,,193033,581,9.4,957.0,,IA
19,3033,3,G,3,2013-11-02,1.553,1.861,JPCTB,,,,,,,,,,,9.6,,,2013,1230.0,,193033,581,9.4,957.0,,IA
19,3033,3,G,3,2013-11-02,1.553,1.861,JPCTB,,,,,,,,,,,9.6,,,2013,1230.0,,193033,581,9.4,957.0,,IA
19,3033,3,G,3,2013-11-02,1.57,1.812,JPCTB,,,,,,,,,,,9.6,,,2013,1230.0,,193033,581,9.4,957.0,,IA
19,3033,3,G,3,2013-11-02,1.57,1.812,JPCTB,,,,,,,,,,,9.6,,,2013,1230.0,,193033,581,9.4,957.0,,IA
19,3033,3,G,3,2013-11-02,1.522,1.909,JPCTB,,,,,,,,,,,9.6,,,2013,1230.0,,193033,581,9.4,957.0,,IA
19,3033,3,G,3,2013-11-02,1.522,1.909,JPCTB,,,,,,,,,,,9.6,,,2013,1230.0,,193033,581,9.4,957.0,,IA
19,3033,3,G,3,2013-11-02,1.541,1.85,JPCTB,,,,,,,,,,,9.6,,,2013,1230.0,,193033,581,9.4,957.0,,IA
19,3033,3,G,3,2013-11-02,1.541,1.85,JPCTB,,,,,,,,,,,9.6,,,2013,1230.0,,193033,581,9.4,957.0,,IA
19,3033,3,G,3,2017-05-03,1.589,2.113,JPCTB,0,0.0,0.4,1.9,0,0.0,,,,,9.6,,,2017,,,193033,332,10.8,808.9,,IA
19,3033,3,G,3,2017-05-03,1.56,2.092,JPCTB,0,0.0,0.4,1.9,0,0.0,,,,,9.6,,,2017,,,193033,332,10.8,808.9,,IA
19,3033,3,G,3,2017-05-03,1.586,2.116,JPCTB,0,0.0,0.4,1.9,0,0.0,,,,,9.6,,,2017,,,193033,332,10.8,808.9,,IA
19,3033,3,G,3,2017-05-03,1.562,2.115,JPCTB,0,0.0,0.4,1.9,0,0.0,,,,,9.6,,,2017,,,193033,332,10.8,808.9,,IA
19,3033,3,G,3,2017-05-03,1.566,2.134,JPCTB,0,0.0,0.4,1.9,0,0.0,,,,,9.6,,,2017,,,193033,332,10.8,808.9,,IA
19,3055,1,G,3,1990-06-18,1.668,1.756,JPCUB,,,,,,,,,,,9.8,12.0,22.0,1990,,,193055,462,9.4,988.4,1968-11-01,IA
19,3055,1,G,3,1990-06-18,1.646,1.764,JPCUB,,,,,,,,,,,9.8,12.0,22.0,1990,,,193055,462,9.4,988.4,1968-11-01,IA
19,3055,1,G,3,1990-06-18,1.654,1.778,JPCUB,,,,,,,,,,,9.8,12.0,22.0,1990,,,193055,462,9.4,988.4,1968-11-01,IA
19,3055,1,G,3,1990-06-18,1.637,1.776,JPCUB,,,,,,,,,,,9.8,12.0,22.0,1990,,,193055,462,9.4,988.4,1968-11-01,IA
19,3055,1,G,3,1990-06-18,1.629,1.803,JPCUB,,,,,,,,,,,9.8,12.0,22.0,1990,,,193055,462,9.4,988.4,1968-11-01,IA
19,3055,1,G,3,1991-06-21,1.654,1.864,JPCUB,,,,,,,,,,,9.8,12.0,22.0,1991,,,193055,704,8.8,1159.8,1968-11-01,IA
19,3055,1,G,3,1991-06-21,1.704,1.859,JPCUB,,,,,,,,,,,9.8,12.0,22.0,1991,,,193055,704,8.8,1159.8,1968-11-01,IA
19,3055,1,G,3,1991-06-21,1.678,1.873,JPCUB,,,,,,,,,,,9.8,12.0,22.0,1991,,,193055,704,8.8,1159.8,1968-11-01,IA
19,3055,1,G,3,1991-06-21,1.632,1.894,JPCUB,,,,,,,,,,,9.8,12.0,22.0,1991,,,193055,704,8.8,1159.8,1968-11-01,IA
19,3055,1,G,3,1991-06-21,1.639,1.861,JPCUB,,,,,,,,,,,9.8,12.0,22.0,1991,,,193055,704,8.8,1159.8,1968-11-01,IA
19,3055,1,G,3,1992-05-12,1.719,1.993,JPCUB,,,,,,,,,,,9.8,12.0,22.0,1992,,,193055,411,8.5,814.3,1968-11-01,IA
19,3055,1,G,3,1992-05-12,1.724,1.938,JPCUB,,,,,,,,,,,9.8,12.0,22.0,1992,,,193055,411,8.5,814.3,1968-11-01,IA
19,3055,1,G,3,1992-05-12,1.727,1.934,JPCUB,,,,,,,,,,,9.8,12.0,22.0,1992,,,193055,411,8.5,814.3,1968-11-01,IA
19,3055,1,G,3,1992-05-12,1.747,1.973,JPCUB,,,,,,,,,,,9.8,12.0,22.0,1992,,,193055,411,8.5,814.3,1968-11-01,IA
19,3055,1,G,3,1992-05-12,1.729,1.931,JPCUB,,,,,,,,,,,9.8,12.0,22.0,1992,,,193055,411,8.5,814.3,1968-11-01,IA
19,3055,1,G,3,1993-04-18,1.729,1.865,JPCUB,0,0.0,2.0,81.4,0,0.0,,,,,9.8,12.0,22.0,1993,,,193055,812,7.1,1363.8,1968-11-01,IA
19,3055,1,G,3,1993-04-18,1.718,1.867,JPCUB,0,0.0,2.0,81.4,0,0.0,,,,,9.8,12.0,22.0,1993,,,193055,812,7.1,1363.8,1968-11-01,IA
19,3055,1,G,3,1993-04-18,1.719,1.867,JPCUB,0,0.0,2.0,81.4,0,0.0,,,,,9.8,12.0,22.0,1993,,,193055,812,7.1,1363.8,1968-11-01,IA
19,3055,1,G,3,1993-04-18,1.731,1.863,JPCUB,0,0.0,2.0,81.4,0,0.0,,,,,9.8,12.0,22.0,1993,,,193055,812,7.1,1363.8,1968-11-01,IA
19,3055,1,G,3,1993-04-18,1.735,1.868,JPCUB,0,0.0,2.0,81.4,0,0.0,,,,,9.8,12.0,22.0,1993,,,193055,812,7.1,1363.8,1968-11-01,IA
19,3055,1,G,3,1994-09-16,1.884,2.105,JPCUB,,,,,,,,,,,9.8,12.0,22.0,1994,,,193055,917,8.0,884.5,1968-11-01,IA
19,3055,1,G,3,1994-09-16,1.884,2.091,JPCUB,,,,,,,,,,,9.8,12.0,22.0,1994,,,193055,917,8.0,884.5,1968-11-01,IA
19,3055,1,G,3,1994-09-16,1.894,2.065,JPCUB,,,,,,,,,,,9.8,12.0,22.0,1994,,,193055,917,8.0,884.5,1968-11-01,IA
19,3055,1,G,3,1994-09-16,1.9,2.077,JPCUB,,,,,,,,,,,9.8,12.0,22.0,1994,,,193055,917,8.0,884.5,1968-11-01,IA
19,3055,1,G,3,1994-09-16,1.883,2.088,JPCUB,,,,,,,,,,,9.8,12.0,22.0,1994,,,193055,917,8.0,884.5,1968-11-01,IA
19,3055,1,G,3,1997-08-07,2.197,2.361,JPCUB,,,,,,,,,,,9.8,12.0,22.0,1997,,281.0,193055,689,8.1,697.6,1968-11-01,IA
19,3055,1,G,3,1997-08-07,2.209,2.375,JPCUB,,,,,,,,,,,9.8,12.0,22.0,1997,,281.0,193055,689,8.1,697.6,1968-11-01,IA
19,3055,1,G,3,1997-08-07,2.221,2.372,JPCUB,,,,,,,,,,,9.8,12.0,22.0,1997,,281.0,193055,689,8.1,697.6,1968-11-01,IA
19,3055,1,G,3,1997-08-07,2.235,2.368,JPCUB,,,,,,,,,,,9.8,12.0,22.0,1997,,281.0,193055,689,8.1,697.6,1968-11-01,IA
19,3055,1,G,3,1997-08-07,2.273,2.383,JPCUB,,,,,,,,,,,9.8,12.0,22.0,1997,,281.0,193055,689,8.1,697.6,1968-11-01,IA
19,3055,1,G,3,1997-09-19,2.22,2.356,JPCUB,,,,,,,,,,,9.8,12.0,22.0,1997,,281.0,193055,689,8.1,697.6,1968-11-01,IA
19,3055,1,G,3,1997-09-19,2.212,2.406,JPCUB,,,,,,,,,,,9.8,12.0,22.0,1997,,281.0,193055,689,8.1,697.6,1968-11-01,IA
19,3055,1,G,3,1997-09-19,2.226,2.405,JPCUB,,,,,,,,,,,9.8,12.0,22.0,1997,,281.0,193055,689,8.1,697.6,1968-11-01,IA
19,3055,1,G,3,1997-09-19,2.212,2.356,JPCUB,,,,,,,,,,,9.8,12.0,22.0,1997,,281.0,193055,689,8.1,697.6,1968-11-01,IA
19,3055,1,G,3,1997-09-19,2.215,2.42,JPCUB,,,,,,,,,,,9.8,12.0,22.0,1997,,281.0,193055,689,8.1,697.6,1968-11-01,IA
19,3055,1,G,3,1998-10-09,2.175,2.391,JPCUB,0,0.0,2.0,0.0,0,0.0,,,,,9.8,12.0,22.0,1998,,123.0,193055,501,9.9,1079.1,1968-11-01,IA
19,3055,1,G,3,1998-10-09,2.195,2.414,JPCUB,0,0.0,2.0,0.0,0,0.0,,,,,9.8,12.0,22.0,1998,,123.0,193055,501,9.9,1079.1,1968-11-01,IA
19,3055,1,G,3,1998-10-09,2.224,2.403,JPCUB,0,0.0,2.0,0.0,0,0.0,,,,,9.8,12.0,22.0,1998,,123.0,193055,501,9.9,1079.1,1968-11-01,IA
19,3055,1,G,3,1998-10-09,2.231,2.416,JPCUB,0,0.0,2.0,0.0,0,0.0,,,,,9.8,12.0,22.0,1998,,123.0,193055,501,9.9,1079.1,1968-11-01,IA
19,3055,1,G,3,1998-10-09,2.182,2.404,JPCUB,0,0.0,2.0,0.0,0,0.0,,,,,9.8,12.0,22.0,1998,,123.0,193055,501,9.9,1079.1,1968-11-01,IA
19,3055,1,G,3,1999-06-17,2.36,2.654,JPCUB,0,0.0,2.0,0.0,0,0.0,,,,,9.8,12.0,22.0,1999,,413.0,193055,568,9.1,903.7,1968-11-01,IA
19,3055,1,G,3,1999-06-17,2.344,2.633,JPCUB,0,0.0,2.0,0.0,0,0.0,,,,,9.8,12.0,22.0,1999,,413.0,193055,568,9.1,903.7,1968-11-01,IA
19,3055,1,G,3,1999-06-17,2.378,2.661,JPCUB,0,0.0,2.0,0.0,0,0.0,,,,,9.8,12.0,22.0,1999,,413.0,193055,568,9.1,903.7,1968-11-01,IA
19,3055,1,G,3,1999-06-17,2.361,2.644,JPCUB,0,0.0,2.0,0.0,0,0.0,,,,,9.8,12.0,22.0,1999,,413.0,193055,568,9.1,903.7,1968-11-01,IA
19,3055,1,G,3,1999-06-17,2.343,2.642,JPCUB,0,0.0,2.0,0.0,0,0.0,,,,,9.8,12.0,22.0,1999,,413.0,193055,568,9.1,903.7,1968-11-01,IA
19,3055,1,G,3,2000-05-16,2.389,2.597,JPCUB,0,0.0,2.0,0.0,0,0.0,,,,,9.8,12.0,22.0,2000,,388.0,193055,835,8.5,772.0,1968-11-01,IA
19,3055,1,G,3,2000-05-16,2.386,2.603,JPCUB,0,0.0,2.0,0.0,0,0.0,,,,,9.8,12.0,22.0,2000,,388.0,193055,835,8.5,772.0,1968-11-01,IA
19,3055,1,G,3,2000-05-16,2.352,2.585,JPCUB,0,0.0,2.0,0.0,0,0.0,,,,,9.8,12.0,22.0,2000,,388.0,193055,835,8.5,772.0,1968-11-01,IA
19,3055,1,G,3,2000-05-16,2.353,2.566,JPCUB,0,0.0,2.0,0.0,0,0.0,,,,,9.8,12.0,22.0,2000,,388.0,193055,835,8.5,772.0,1968-11-01,IA
19,3055,1,G,3,2000-05-16,2.339,2.552,JPCUB,0,0.0,2.0,0.0,0,0.0,,,,,9.8,12.0,22.0,2000,,388.0,193055,835,8.5,772.0,1968-11-01,IA
19,3055,1,G,3,2001-08-10,2.521,2.798,JPCUB,0,0.0,2.8,0.0,0,0.0,,,,,9.8,12.0,22.0,2001,680.0,316.0,193055,712,8.7,913.5,1968-11-01,IA
19,3055,1,G,3,2001-08-10,2.521,2.798,JPCUB,0,0.0,2.8,0.0,0,0.0,,,,,9.8,12.0,22.0,2001,680.0,316.0,193055,712,8.7,913.5,1968-11-01,IA
19,3055,1,G,3,2001-08-10,2.521,2.798,JPCUB,0,0.0,2.8,0.0,0,0.0,,,,,9.8,12.0,22.0,2001,680.0,316.0,193055,712,8.7,913.5,1968-11-01,IA
19,3055,1,G,3,2001-08-10,2.534,2.764,JPCUB,0,0.0,2.8,0.0,0,0.0,,,,,9.8,12.0,22.0,2001,680.0,316.0,193055,712,8.7,913.5,1968-11-01,IA
19,3055,1,G,3,2001-08-10,2.534,2.764,JPCUB,0,0.0,2.8,0.0,0,0.0,,,,,9.8,12.0,22.0,2001,680.0,316.0,193055,712,8.7,913.5,1968-11-01,IA
19,3055,1,G,3,2001-08-10,2.534,2.764,JPCUB,0,0.0,2.8,0.0,0,0.0,,,,,9.8,12.0,22.0,2001,680.0,316.0,193055,712,8.7,913.5,1968-11-01,IA
19,3055,1,G,3,2001-08-10,2.573,2.758,JPCUB,0,0.0,2.8,0.0,0,0.0,,,,,9.8,12.0,22.0,2001,680.0,316.0,193055,712,8.7,913.5,1968-11-01,IA
19,3055,1,G,3,2001-08-10,2.573,2.758,JPCUB,0,0.0,2.8,0.0,0,0.0,,,,,9.8,12.0,22.0,2001,680.0,316.0,193055,712,8.7,913.5,1968-11-01,IA
19,3055,1,G,3,2001-08-10,2.573,2.758,JPCUB,0,0.0,2.8,0.0,0,0.0,,,,,9.8,12.0,22.0,2001,680.0,316.0,193055,712,8.7,913.5,1968-11-01,IA
19,3055,1,G,3,2001-08-10,2.571,2.786,JPCUB,0,0.0,2.8,0.0,0,0.0,,,,,9.8,12.0,22.0,2001,680.0,316.0,193055,712,8.7,913.5,1968-11-01,IA
19,3055,1,G,3,2001-08-10,2.571,2.786,JPCUB,0,0.0,2.8,0.0,0,0.0,,,,,9.8,12.0,22.0,2001,680.0,316.0,193055,712,8.7,913.5,1968-11-01,IA
19,3055,1,G,3,2001-08-10,2.571,2.786,JPCUB,0,0.0,2.8,0.0,0,0.0,,,,,9.8,12.0,22.0,2001,680.0,316.0,193055,712,8.7,913.5,1968-11-01,IA
19,3055,1,G,3,2001-08-10,2.532,2.807,JPCUB,0,0.0,2.8,0.0,0,0.0,,,,,9.8,12.0,22.0,2001,680.0,316.0,193055,712,8.7,913.5,1968-11-01,IA
19,3055,1,G,3,2001-08-10,2.532,2.807,JPCUB,0,0.0,2.8,0.0,0,0.0,,,,,9.8,12.0,22.0,2001,680.0,316.0,193055,712,8.7,913.5,1968-11-01,IA
19,3055,1,G,3,2001-08-10,2.532,2.807,JPCUB,0,0.0,2.8,0.0,0,0.0,,,,,9.8,12.0,22.0,2001,680.0,316.0,193055,712,8.7,913.5,1968-11-01,IA
19,3055,1,G,3,2002-07-02,2.531,2.793,JPCUB,0,0.0,2.8,0.0,0,0.0,,,,,9.8,12.0,22.0,2002,,516.0,193055,488,8.8,861.2,1968-11-01,IA
19,3055,1,G,3,2002-07-02,2.522,2.798,JPCUB,0,0.0,2.8,0.0,0,0.0,,,,,9.8,12.0,22.0,2002,,516.0,193055,488,8.8,861.2,1968-11-01,IA
19,3055,1,G,3,2002-07-02,2.529,2.768,JPCUB,0,0.0,2.8,0.0,0,0.0,,,,,9.8,12.0,22.0,2002,,516.0,193055,488,8.8,861.2,1968-11-01,IA
19,3055,1,G,3,2002-07-02,2.528,2.802,JPCUB,0,0.0,2.8,0.0,0,0.0,,,,,9.8,12.0,22.0,2002,,516.0,193055,488,8.8,861.2,1968-11-01,IA
19,3055,1,G,3,2002-07-02,2.533,2.756,JPCUB,0,0.0,2.8,0.0,0,0.0,,,,,9.8,12.0,22.0,2002,,516.0,193055,488,8.8,861.2,1968-11-01,IA
19,5042,2,G,5,1990-06-19,1.687,1.702,CRCP,,,,,,,,,,,8.0,,,1990,,,195042,500,9.2,1005.1,,IA
19,5042,2,G,5,1990-06-19,1.687,1.749,CRCP,,,,,,,,,,,8.0,,,1990,,,195042,500,9.2,1005.1,,IA
19,5042,2,G,5,1990-06-19,1.696,1.722,CRCP,,,,,,,,,,,8.0,,,1990,,,195042,500,9.2,1005.1,,IA
19,5042,2,G,5,1990-06-19,1.676,1.678,CRCP,,,,,,,,,,,8.0,,,1990,,,195042,500,9.2,1005.1,,IA
19,5042,2,G,5,1990-06-19,1.696,1.716,CRCP,,,,,,,,,,,8.0,,,1990,,,195042,500,9.2,1005.1,,IA
19,5042,2,G,5,1991-06-21,1.678,1.691,CRCP,,,,,,,,,,,8.0,,,1991,,,195042,750,8.5,1181.3,,IA
19,5042,2,G,5,1991-06-21,1.663,1.628,CRCP,,,,,,,,,,,8.0,,,1991,,,195042,750,8.5,1181.3,,IA
19,5042,2,G,5,1991-06-21,1.66,1.682,CRCP,,,,,,,,,,,8.0,,,1991,,,195042,750,8.5,1181.3,,IA
19,5042,2,G,5,1991-06-21,1.666,1.666,CRCP,,,,,,,,,,,8.0,,,1991,,,195042,750,8.5,1181.3,,IA
19,5042,2,G,5,1991-06-21,1.668,1.653,CRCP,,,,,,,,,,,8.0,,,1991,,,195042,750,8.5,1181.3,,IA
19,5042,2,G,5,1992-05-12,1.642,1.59,CRCP,,,,,,,,,,,8.0,,,1992,,,195042,444,8.2,849.0,,IA
19,5042,2,G,5,1992-05-12,1.662,1.679,CRCP,,,,,,,,,,,8.0,,,1992,,,195042,444,8.2,849.0,,IA
19,5042,2,G,5,1992-05-12,1.698,1.639,CRCP,,,,,,,,,,,8.0,,,1992,,,195042,444,8.2,849.0,,IA
19,5042,2,G,5,1992-05-12,1.694,1.65,CRCP,,,,,,,,,,,8.0,,,1992,,,195042,444,8.2,849.0,,IA
19,5042,2,G,5,1992-05-12,1.7,1.688,CRCP,,,,,,,,,,,8.0,,,1992,,,195042,444,8.2,849.0,,IA
19,5042,2,G,5,1993-10-18,1.69,1.69,CRCP,,,,,,0.0,1,0,0,0.0,8.0,,,1993,,,195042,865,6.8,1293.2,,IA
19,5042,2,G,5,1993-10-18,1.688,1.679,CRCP,,,,,,0.0,1,0,0,0.0,8.0,,,1993,,,195042,865,6.8,1293.2,,IA
19,5042,2,G,5,1993-10-18,1.706,1.687,CRCP,,,,,,0.0,1,0,0,0.0,8.0,,,1993,,,195042,865,6.8,1293.2,,IA
19,5042,2,G,5,1993-10-18,1.688,1.68,CRCP,,,,,,0.0,1,0,0,0.0,8.0,,,1993,,,195042,865,6.8,1293.2,,IA
19,5042,2,G,5,1993-10-18,1.689,1.669,CRCP,,,,,,0.0,1,0,0,0.0,8.0,,,1993,,,195042,865,6.8,1293.2,,IA
19,5042,2,G,5,1994-09-16,1.731,1.747,CRCP,,,,,,0.0,1,0,0,0.0,8.0,,,1994,,,195042,941,7.7,891.4,,IA
19,5042,2,G,5,1994-09-16,1.705,1.759,CRCP,,,,,,0.0,1,0,0,0.0,8.0,,,1994,,,195042,941,7.7,891.4,,IA
19,5042,2,G,5,1994-09-16,1.711,1.703,CRCP,,,,,,0.0,1,0,0,0.0,8.0,,,1994,,,195042,941,7.7,891.4,,IA
19,5042,2,G,5,1994-09-16,1.72,1.715,CRCP,,,,,,0.0,1,0,0,0.0,8.0,,,1994,,,195042,941,7.7,891.4,,IA
19,5042,2,G,5,1994-09-16,1.698,1.692,CRCP,,,,,,0.0,1,0,0,0.0,8.0,,,1994,,,195042,941,7.7,891.4,,IA
19,5042,2,G,5,1997-08-06,1.725,1.707,CRCP,,,,,,,,,,,8.0,,,1997,,311.0,195042,736,7.7,687.5,,IA
19,5042,2,G,5,1997-08-06,1.764,1.702,CRCP,,,,,,,,,,,8.0,,,1997,,311.0,195042,736,7.7,687.5,,IA
19,5042,2,G,5,1997-08-06,1.75,1.707,CRCP,,,,,,,,,,,8.0,,,1997,,311.0,195042,736,7.7,687.5,,IA
19,5042,2,G,5,1997-08-06,1.707,1.713,CRCP,,,,,,,,,,,8.0,,,1997,,311.0,195042,736,7.7,687.5,,IA
19,5042,2,G,5,1997-08-06,1.746,1.754,CRCP,,,,,,,,,,,8.0,,,1997,,311.0,195042,736,7.7,687.5,,IA
19,5042,2,G,5,1998-10-09,1.744,1.743,CRCP,,,,,,0.0,1,11,1,4.2,8.0,,,1998,,534.0,195042,516,9.7,1018.2,,IA
19,5042,2,G,5,1998-10-09,1.76,1.724,CRCP,,,,,,0.0,1,11,1,4.2,8.0,,,1998,,534.0,195042,516,9.7,1018.2,,IA
19,5042,2,G,5,1998-10-09,1.721,1.787,CRCP,,,,,,0.0,1,11,1,4.2,8.0,,,1998,,534.0,195042,516,9.7,1018.2,,IA
19,5042,2,G,5,1998-10-09,1.783,1.727,CRCP,,,,,,0.0,1,11,1,4.2,8.0,,,1998,,534.0,195042,516,9.7,1018.2,,IA
19,5042,2,G,5,1998-10-09,1.77,1.747,CRCP,,,,,,0.0,1,11,1,4.2,8.0,,,1998,,534.0,195042,516,9.7,1018.2,,IA
19,5042,2,G,5,1999-06-17,1.739,1.711,CRCP,,,,,,0.0,1,11,1,4.2,8.0,,,1999,1600.0,768.0,195042,577,9.0,881.4,,IA
19,5042,2,G,5,1999-06-17,1.739,1.711,CRCP,,,,,,0.0,1,11,1,4.2,8.0,,,1999,1600.0,768.0,195042,577,9.0,881.4,,IA
19,5042,2,G,5,1999-06-17,1.753,1.713,CRCP,,,,,,0.0,1,11,1,4.2,8.0,,,1999,1600.0,768.0,195042,577,9.0,881.4,,IA
19,5042,2,G,5,1999-06-17,1.753,1.713,CRCP,,,,,,0.0,1,11,1,4.2,8.0,,,1999,1600.0,768.0,195042,577,9.0,881.4,,IA
19,5042,2,G,5,1999-06-17,1.719,1.687,CRCP,,,,,,0.0,1,11,1,4.2,8.0,,,1999,1600.0,768.0,195042,577,9.0,881.4,,IA
19,5042,2,G,5,1999-06-17,1.719,1.687,CRCP,,,,,,0.0,1,11,1,4.2,8.0,,,1999,1600.0,768.0,195042,577,9.0,881.4,,IA
19,5042,2,G,5,1999-06-17,1.732,1.669,CRCP,,,,,,0.0,1,11,1,4.2,8.0,,,1999,1600.0,768.0,195042,577,9.0,881.4,,IA
19,5042,2,G,5,1999-06-17,1.732,1.669,CRCP,,,,,,0.0,1,11,1,4.2,8.0,,,1999,1600.0,768.0,195042,577,9.0,881.4,,IA
19,5042,2,G,5,1999-06-17,1.731,1.688,CRCP,,,,,,0.0,1,11,1,4.2,8.0,,,1999,1600.0,768.0,195042,577,9.0,881.4,,IA
19,5042,2,G,5,1999-06-17,1.731,1.688,CRCP,,,,,,0.0,1,11,1,4.2,8.0,,,1999,1600.0,768.0,195042,577,9.0,881.4,,IA
19,5042,2,G,5,2000-05-19,1.754,1.726,CRCP,,,,,,0.0,1,11,1,4.2,8.0,,,2000,1660.0,936.0,195042,845,8.4,815.6,,IA
19,5042,2,G,5,2000-05-19,1.754,1.726,CRCP,,,,,,0.0,1,11,1,4.2,8.0,,,2000,1660.0,936.0,195042,845,8.4,815.6,,IA
19,5042,2,G,5,2000-05-19,1.767,1.734,CRCP,,,,,,0.0,1,11,1,4.2,8.0,,,2000,1660.0,936.0,195042,845,8.4,815.6,,IA
19,5042,2,G,5,2000-05-19,1.767,1.734,CRCP,,,,,,0.0,1,11,1,4.2,8.0,,,2000,1660.0,936.0,195042,845,8.4,815.6,,IA
19,5042,2,G,5,2000-05-19,1.749,1.698,CRCP,,,,,,0.0,1,11,1,4.2,8.0,,,2000,1660.0,936.0,195042,845,8.4,815.6,,IA
19,5042,2,G,5,2000-05-19,1.749,1.698,CRCP,,,,,,0.0,1,11,1,4.2,8.0,,,2000,1660.0,936.0,195042,845,8.4,815.6,,IA
19,5042,2,G,5,2000-05-19,1.759,1.712,CRCP,,,,,,0.0,1,11,1,4.2,8.0,,,2000,1660.0,936.0,195042,845,8.4,815.6,,IA
19,5042,2,G,5,2000-05-19,1.759,1.712,CRCP,,,,,,0.0,1,11,1,4.2,8.0,,,2000,1660.0,936.0,195042,845,8.4,815.6,,IA
19,5042,2,G,5,2000-05-19,1.75,1.72,CRCP,,,,,,0.0,1,11,1,4.2,8.0,,,2000,1660.0,936.0,195042,845,8.4,815.6,,IA
19,5042,2,G,5,2000-05-19,1.75,1.72,CRCP,,,,,,0.0,1,11,1,4.2,8.0,,,2000,1660.0,936.0,195042,845,8.4,815.6,,IA
19,5042,2,G,5,2001-08-10,1.748,1.768,CRCP,,,,,,0.0,1,11,1,0.0,8.0,,,2001,1650.0,731.0,195042,728,8.5,930.5,,IA
19,5042,2,G,5,2001-08-10,1.748,1.768,CRCP,,,,,,0.0,1,11,1,0.0,8.0,,,2001,1650.0,731.0,195042,728,8.5,930.5,,IA
19,5042,2,G,5,2001-08-10,1.748,1.768,CRCP,,,,,,0.0,1,11,1,0.0,8.0,,,2001,1650.0,731.0,195042,728,8.5,930.5,,IA
19,5042,2,G,5,2001-08-10,1.751,1.777,CRCP,,,,,,0.0,1,11,1,0.0,8.0,,,2001,1650.0,731.0,195042,728,8.5,930.5,,IA
19,5042,2,G,5,2001-08-10,1.751,1.777,CRCP,,,,,,0.0,1,11,1,0.0,8.0,,,2001,1650.0,731.0,195042,728,8.5,930.5,,IA
19,5042,2,G,5,2001-08-10,1.751,1.777,CRCP,,,,,,0.0,1,11,1,0.0,8.0,,,2001,1650.0,731.0,195042,728,8.5,930.5,,IA
19,5042,2,G,5,2001-08-10,1.741,1.796,CRCP,,,,,,0.0,1,11,1,0.0,8.0,,,2001,1650.0,731.0,195042,728,8.5,930.5,,IA
19,5042,2,G,5,2001-08-10,1.741,1.796,CRCP,,,,,,0.0,1,11,1,0.0,8.0,,,2001,1650.0,731.0,195042,728,8.5,930.5,,IA
19,5042,2,G,5,2001-08-10,1.741,1.796,CRCP,,,,,,0.0,1,11,1,0.0,8.0,,,2001,1650.0,731.0,195042,728,8.5,930.5,,IA
19,5042,2,G,5,2001-08-10,1.745,1.777,CRCP,,,,,,0.0,1,11,1,0.0,8.0,,,2001,1650.0,731.0,195042,728,8.5,930.5,,IA
19,5042,2,G,5,2001-08-10,1.745,1.777,CRCP,,,,,,0.0,1,11,1,0.0,8.0,,,2001,1650.0,731.0,195042,728,8.5,930.5,,IA
19,5042,2,G,5,2001-08-10,1.745,1.777,CRCP,,,,,,0.0,1,11,1,0.0,8.0,,,2001,1650.0,731.0,195042,728,8.5,930.5,,IA
19,5042,2,G,5,2001-08-10,1.76,1.745,CRCP,,,,,,0.0,1,11,1,0.0,8.0,,,2001,1650.0,731.0,195042,728,8.5,930.5,,IA
19,5042,2,G,5,2001-08-10,1.76,1.745,CRCP,,,,,,0.0,1,11,1,0.0,8.0,,,2001,1650.0,731.0,195042,728,8.5,930.5,,IA
19,5042,2,G,5,2001-08-10,1.76,1.745,CRCP,,,,,,0.0,1,11,1,0.0,8.0,,,2001,1650.0,731.0,195042,728,8.5,930.5,,IA
19,5042,3,G,5,2004-05-24,1.698,1.747,CRCP,,,,,,0.0,1,21,2,18.2,8.0,,,2004,1730.0,949.0,195042,681,8.3,894.0,,IA
19,5042,3,G,5,2004-05-24,1.698,1.747,CRCP,,,,,,0.0,1,21,2,18.2,8.0,,,2004,1730.0,949.0,195042,681,8.3,894.0,,IA
19,5042,3,G,5,2004-05-24,1.698,1.747,CRCP,,,,,,0.0,1,21,2,18.2,8.0,,,2004,1730.0,949.0,195042,681,8.3,894.0,,IA
19,5042,3,G,5,2004-05-24,1.703,1.733,CRCP,,,,,,0.0,1,21,2,18.2,8.0,,,2004,1730.0,949.0,195042,681,8.3,894.0,,IA
19,5042,3,G,5,2004-05-24,1.703,1.733,CRCP,,,,,,0.0,1,21,2,18.2,8.0,,,2004,1730.0,949.0,195042,681,8.3,894.0,,IA
19,5042,3,G,5,2004-05-24,1.703,1.733,CRCP,,,,,,0.0,1,21,2,18.2,8.0,,,2004,1730.0,949.0,195042,681,8.3,894.0,,IA
19,5042,3,G,5,2004-05-24,1.702,1.741,CRCP,,,,,,0.0,1,21,2,18.2,8.0,,,2004,1730.0,949.0,195042,681,8.3,894.0,,IA
19,5042,3,G,5,2004-05-24,1.702,1.741,CRCP,,,,,,0.0,1,21,2,18.2,8.0,,,2004,1730.0,949.0,195042,681,8.3,894.0,,IA
19,5042,3,G,5,2004-05-24,1.702,1.741,CRCP,,,,,,0.0,1,21,2,18.2,8.0,,,2004,1730.0,949.0,195042,681,8.3,894.0,,IA
19,5042,3,G,5,2004-05-24,1.714,1.724,CRCP,,,,,,0.0,1,21,2,18.2,8.0,,,2004,1730.0,949.0,195042,681,8.3,894.0,,IA
19,5042,3,G,5,2004-05-24,1.714,1.724,CRCP,,,,,,0.0,1,21,2,18.2,8.0,,,2004,1730.0,949.0,195042,681,8.3,894.0,,IA
19,5042,3,G,5,2004-05-24,1.714,1.724,CRCP,,,,,,0.0,1,21,2,18.2,8.0,,,2004,1730.0,949.0,195042,681,8.3,894.0,,IA
19,5042,3,G,5,2004-05-24,1.685,1.75,CRCP,,,,,,0.0,1,21,2,18.2,8.0,,,2004,1730.0,949.0,195042,681,8.3,894.0,,IA
19,5042,3,G,5,2004-05-24,1.685,1.75,CRCP,,,,,,0.0,1,21,2,18.2,8.0,,,2004,1730.0,949.0,195042,681,8.3,894.0,,IA
19,5042,3,G,5,2004-05-24,1.685,1.75,CRCP,,,,,,0.0,1,21,2,18.2,8.0,,,2004,1730.0,949.0,195042,681,8.3,894.0,,IA
19,5046,2,G,5,1990-06-19,1.492,1.571,CRCP,,,,,,,,,,,8.3,,,1990,,,195046,505,9.2,1026.7,,IA
19,5046,2,G,5,1990-06-19,1.508,1.571,CRCP,,,,,,,,,,,8.3,,,1990,,,195046,505,9.2,1026.7,,IA
19,5046,2,G,5,1990-06-19,1.492,1.571,CRCP,,,,,,,,,,,8.3,,,1990,,,195046,505,9.2,1026.7,,IA
19,5046,2,G,5,1990-06-19,1.547,1.525,CRCP,,,,,,,,,,,8.3,,,1990,,,195046,505,9.2,1026.7,,IA
19,5046,2,G,5,1990-06-19,1.528,1.554,CRCP,,,,,,,,,,,8.3,,,1990,,,195046,505,9.2,1026.7,,IA
19,5046,2,G,5,1991-06-21,1.526,1.607,CRCP,,,,,,,,,,,8.3,,,1991,,,195046,756,8.5,1185.2,,IA
19,5046,2,G,5,1991-06-21,1.551,1.601,CRCP,,,,,,,,,,,8.3,,,1991,,,195046,756,8.5,1185.2,,IA
19,5046,2,G,5,1991-06-21,1.533,1.561,CRCP,,,,,,,,,,,8.3,,,1991,,,195046,756,8.5,1185.2,,IA
19,5046,2,G,5,1991-06-21,1.556,1.56,CRCP,,,,,,,,,,,8.3,,,1991,,,195046,756,8.5,1185.2,,IA
19,5046,2,G,5,1991-06-21,1.519,1.557,CRCP,,,,,,,,,,,8.3,,,1991,,,195046,756,8.5,1185.2,,IA
19,5046,2,G,5,1992-05-12,1.532,1.585,CRCP,,,,,,,,,,,8.3,,,1992,,,195046,452,8.2,854.4,,IA
19,5046,2,G,5,1992-05-12,1.563,1.641,CRCP,,,,,,,,,,,8.3,,,1992,,,195046,452,8.2,854.4,,IA
19,5046,2,G,5,1992-05-12,1.543,1.579,CRCP,,,,,,,,,,,8.3,,,1992,,,195046,452,8.2,854.4,,IA
19,5046,2,G,5,1992-05-12,1.558,1.622,CRCP,,,,,,,,,,,8.3,,,1992,,,195046,452,8.2,854.4,,IA
19,5046,2,G,5,1992-05-12,1.557,1.568,CRCP,,,,,,,,,,,8.3,,,1992,,,195046,452,8.2,854.4,,IA
19,5046,3,G,5,1993-10-18,1.522,1.625,CRCP,,,,,,0.0,0,0,0,0.0,8.3,,,1993,,,195046,875,6.7,1279.5,,IA
19,5046,3,G,5,1993-10-18,1.504,1.618,CRCP,,,,,,0.0,0,0,0,0.0,8.3,,,1993,,,195046,875,6.7,1279.5,,IA
19,5046,3,G,5,1993-10-18,1.5,1.61,CRCP,,,,,,0.0,0,0,0,0.0,8.3,,,1993,,,195046,875,6.7,1279.5,,IA
19,5046,3,G,5,1993-10-18,1.486,1.57,CRCP,,,,,,0.0,0,0,0,0.0,8.3,,,1993,,,195046,875,6.7,1279.5,,IA
19,5046,3,G,5,1993-10-18,1.519,1.539,CRCP,,,,,,0.0,0,0,0,0.0,8.3,,,1993,,,195046,875,6.7,1279.5,,IA
19,5046,3,G,5,1994-09-16,1.548,1.564,CRCP,,,,,,0.0,0,0,0,0.0,8.3,,,1994,,,195046,945,7.7,900.7,,IA
19,5046,3,G,5,1994-09-16,1.543,1.515,CRCP,,,,,,0.0,0,0,0,0.0,8.3,,,1994,,,195046,945,7.7,900.7,,IA
19,5046,3,G,5,1994-09-16,1.563,1.535,CRCP,,,,,,0.0,0,0,0,0.0,8.3,,,1994,,,195046,945,7.7,900.7,,IA
19,5046,3,G,5,1994-09-16,1.553,1.531,CRCP,,,,,,0.0,0,0,0,0.0,8.3,,,1994,,,195046,945,7.7,900.7,,IA
19,5046,3,G,5,1994-09-16,1.521,1.56,CRCP,,,,,,0.0,0,0,0,0.0,8.3,,,1994,,,195046,945,7.7,900.7,,IA
19,5046,4,G,5,1997-08-06,1.662,1.664,CRCP,,,,,,,,,,,8.3,,,1997,,312.0,195046,748,7.6,685.9,,IA
19,5046,4,G,5,1997-08-06,1.638,1.624,CRCP,,,,,,,,,,,8.3,,,1997,,312.0,195046,748,7.6,685.9,,IA
19,5046,4,G,5,1997-08-06,1.673,1.68,CRCP,,,,,,,,,,,8.3,,,1997,,312.0,195046,748,7.6,685.9,,IA
19,5046,4,G,5,1997-08-06,1.66,1.645,CRCP,,,,,,,,,,,8.3,,,1997,,312.0,195046,748,7.6,685.9,,IA
19,5046,4,G,5,1997-08-06,1.655,1.607,CRCP,,,,,,,,,,,8.3,,,1997,,312.0,195046,748,7.6,685.9,,IA
19,5046,4,G,5,1998-10-09,1.649,1.625,CRCP,,,,,,5.5,1,0,0,0.5,8.3,,,1998,,536.0,195046,516,9.7,1001.8,,IA
19,5046,4,G,5,1998-10-09,1.695,1.699,CRCP,,,,,,5.5,1,0,0,0.5,8.3,,,1998,,536.0,195046,516,9.7,1001.8,,IA
19,5046,4,G,5,1998-10-09,1.702,1.743,CRCP,,,,,,5.5,1,0,0,0.5,8.3,,,1998,,536.0,195046,516,9.7,1001.8,,IA
19,5046,4,G,5,1998-10-09,1.695,1.724,CRCP,,,,,,5.5,1,0,0,0.5,8.3,,,1998,,536.0,195046,516,9.7,1001.8,,IA
19,5046,4,G,5,1998-10-09,1.678,1.709,CRCP,,,,,,5.5,1,0,0,0.5,8.3,,,1998,,536.0,195046,516,9.7,1001.8,,IA
19,5046,4,G,5,1999-06-17,1.66,1.645,CRCP,,,,,,5.5,1,0,0,0.5,8.3,,,1999,1600.0,770.0,195046,579,8.9,875.4,,IA
19,5046,4,G,5,1999-06-17,1.66,1.645,CRCP,,,,,,5.5,1,0,0,0.5,8.3,,,1999,1600.0,770.0,195046,579,8.9,875.4,,IA
19,5046,4,G,5,1999-06-17,1.665,1.663,CRCP,,,,,,5.5,1,0,0,0.5,8.3,,,1999,1600.0,770.0,195046,579,8.9,875.4,,IA
19,5046,4,G,5,1999-06-17,1.665,1.663,CRCP,,,,,,5.5,1,0,0,0.5,8.3,,,1999,1600.0,770.0,195046,579,8.9,875.4,,IA
19,5046,4,G,5,1999-06-17,1.643,1.637,CRCP,,,,,,5.5,1,0,0,0.5,8.3,,,1999,1600.0,770.0,195046,579,8.9,875.4,,IA
19,5046,4,G,5,1999-06-17,1.643,1.637,CRCP,,,,,,5.5,1,0,0,0.5,8.3,,,1999,1600.0,770.0,195046,579,8.9,875.4,,IA
19,5046,4,G,5,1999-06-17,1.688,1.664,CRCP,,,,,,5.5,1,0,0,0.5,8.3,,,1999,1600.0,770.0,195046,579,8.9,875.4,,IA
19,5046,4,G,5,1999-06-17,1.688,1.664,CRCP,,,,,,5.5,1,0,0,0.5,8.3,,,1999,1600.0,770.0,195046,579,8.9,875.4,,IA
19,5046,4,G,5,1999-06-17,1.66,1.654,CRCP,,,,,,5.5,1,0,0,0.5,8.3,,,1999,1600.0,770.0,195046,579,8.9,875.4,,IA
19,5046,4,G,5,1999-06-17,1.66,1.654,CRCP,,,,,,5.5,1,0,0,0.5,8.3,,,1999,1600.0,770.0,195046,579,8.9,875.4,,IA
19,5046,4,G,5,2000-05-19,1.701,1.684,CRCP,,,,,,5.5,1,0,0,0.5,8.3,,,2000,1660.0,1881.0,195046,847,8.4,826.1,,IA
19,5046,4,G,5,2000-05-19,1.701,1.684,CRCP,,,,,,5.5,1,0,0,0.5,8.3,,,2000,1660.0,1881.0,195046,847,8.4,826.1,,IA
19,5046,4,G,5,2000-05-19,1.706,1.689,CRCP,,,,,,5.5,1,0,0,0.5,8.3,,,2000,1660.0,1881.0,195046,847,8.4,826.1,,IA
19,5046,4,G,5,2000-05-19,1.706,1.689,CRCP,,,,,,5.5,1,0,0,0.5,8.3,,,2000,1660.0,1881.0,195046,847,8.4,826.1,,IA
19,5046,4,G,5,2000-05-19,1.725,1.674,CRCP,,,,,,5.5,1,0,0,0.5,8.3,,,2000,1660.0,1881.0,195046,847,8.4,826.1,,IA
19,5046,4,G,5,2000-05-19,1.725,1.674,CRCP,,,,,,5.5,1,0,0,0.5,8.3,,,2000,1660.0,1881.0,195046,847,8.4,826.1,,IA
19,5046,4,G,5,2000-05-19,1.703,1.692,CRCP,,,,,,5.5,1,0,0,0.5,8.3,,,2000,1660.0,1881.0,195046,847,8.4,826.1,,IA
19,5046,4,G,5,2000-05-19,1.703,1.692,CRCP,,,,,,5.5,1,0,0,0.5,8.3,,,2000,1660.0,1881.0,195046,847,8.4,826.1,,IA
19,5046,4,G,5,2000-05-19,1.704,1.68,CRCP,,,,,,5.5,1,0,0,0.5,8.3,,,2000,1660.0,1881.0,195046,847,8.4,826.1,,IA
19,5046,4,G,5,2000-05-19,1.704,1.68,CRCP,,,,,,5.5,1,0,0,0.5,8.3,,,2000,1660.0,1881.0,195046,847,8.4,826.1,,IA
19,5046,5,G,5,2001-08-10,1.676,1.648,CRCP,,,,,,5.4,1,0,0,0.0,8.3,,,2001,1650.0,734.0,195046,731,8.5,927.3,,IA
19,5046,5,G,5,2001-08-10,1.676,1.648,CRCP,,,,,,5.4,1,0,0,0.0,8.3,,,2001,1650.0,734.0,195046,731,8.5,927.3,,IA
19,5046,5,G,5,2001-08-10,1.676,1.648,CRCP,,,,,,5.4,1,0,0,0.0,8.3,,,2001,1650.0,734.0,195046,731,8.5,927.3,,IA
19,5046,5,G,5,2001-08-10,1.676,1.668,CRCP,,,,,,5.4,1,0,0,0.0,8.3,,,2001,1650.0,734.0,195046,731,8.5,927.3,,IA
19,5046,5,G,5,2001-08-10,1.676,1.668,CRCP,,,,,,5.4,1,0,0,0.0,8.3,,,2001,1650.0,734.0,195046,731,8.5,927.3,,IA
19,5046,5,G,5,2001-08-10,1.676,1.668,CRCP,,,,,,5.4,1,0,0,0.0,8.3,,,2001,1650.0,734.0,195046,731,8.5,927.3,,IA
19,5046,5,G,5,2001-08-10,1.677,1.688,CRCP,,,,,,5.4,1,0,0,0.0,8.3,,,2001,1650.0,734.0,195046,731,8.5,927.3,,IA
19,5046,5,G,5,2001-08-10,1.677,1.688,CRCP,,,,,,5.4,1,0,0,0.0,8.3,,,2001,1650.0,734.0,195046,731,8.5,927.3,,IA
19,5046,5,G,5,2001-08-10,1.677,1.688,CRCP,,,,,,5.4,1,0,0,0.0,8.3,,,2001,1650.0,734.0,195046,731,8.5,927.3,,IA
19,5046,5,G,5,2001-08-10,1.666,1.63,CRCP,,,,,,5.4,1,0,0,0.0,8.3,,,2001,1650.0,734.0,195046,731,8.5,927.3,,IA
19,5046,5,G,5,2001-08-10,1.666,1.63,CRCP,,,,,,5.4,1,0,0,0.0,8.3,,,2001,1650.0,734.0,195046,731,8.5,927.3,,IA
19,5046,5,G,5,2001-08-10,1.666,1.63,CRCP,,,,,,5.4,1,0,0,0.0,8.3,,,2001,1650.0,734.0,195046,731,8.5,927.3,,IA
19,5046,5,G,5,2001-08-10,1.704,1.711,CRCP,,,,,,5.4,1,0,0,0.0,8.3,,,2001,1650.0,734.0,195046,731,8.5,927.3,,IA
19,5046,5,G,5,2001-08-10,1.704,1.711,CRCP,,,,,,5.4,1,0,0,0.0,8.3,,,2001,1650.0,734.0,195046,731,8.5,927.3,,IA
19,5046,5,G,5,2001-08-10,1.704,1.711,CRCP,,,,,,5.4,1,0,0,0.0,8.3,,,2001,1650.0,734.0,195046,731,8.5,927.3,,IA
19,5046,6,G,5,2004-05-24,1.678,1.713,CRCP,,,,,,8.9,2,11,1,19.1,8.3,,,2004,1730.0,953.0,195046,684,8.3,870.1,,IA
19,5046,6,G,5,2004-05-24,1.678,1.713,CRCP,,,,,,8.9,2,11,1,19.1,8.3,,,2004,1730.0,953.0,195046,684,8.3,870.1,,IA
19,5046,6,G,5,2004-05-24,1.678,1.713,CRCP,,,,,,8.9,2,11,1,19.1,8.3,,,2004,1730.0,953.0,195046,684,8.3,870.1,,IA
19,5046,6,G,5,2004-05-24,1.659,1.628,CRCP,,,,,,8.9,2,11,1,19.1,8.3,,,2004,1730.0,953.0,195046,684,8.3,870.1,,IA
19,5046,6,G,5,2004-05-24,1.659,1.628,CRCP,,,,,,8.9,2,11,1,19.1,8.3,,,2004,1730.0,953.0,195046,684,8.3,870.1,,IA
19,5046,6,G,5,2004-05-24,1.659,1.628,CRCP,,,,,,8.9,2,11,1,19.1,8.3,,,2004,1730.0,953.0,195046,684,8.3,870.1,,IA
19,5046,6,G,5,2004-05-24,1.623,1.637,CRCP,,,,,,8.9,2,11,1,19.1,8.3,,,2004,1730.0,953.0,195046,684,8.3,870.1,,IA
19,5046,6,G,5,2004-05-24,1.623,1.637,CRCP,,,,,,8.9,2,11,1,19.1,8.3,,,2004,1730.0,953.0,195046,684,8.3,870.1,,IA
19,5046,6,G,5,2004-05-24,1.623,1.637,CRCP,,,,,,8.9,2,11,1,19.1,8.3,,,2004,1730.0,953.0,195046,684,8.3,870.1,,IA
19,5046,6,G,5,2004-05-24,1.645,1.643,CRCP,,,,,,8.9,2,11,1,19.1,8.3,,,2004,1730.0,953.0,195046,684,8.3,870.1,,IA
19,5046,6,G,5,2004-05-24,1.645,1.643,CRCP,,,,,,8.9,2,11,1,19.1,8.3,,,2004,1730.0,953.0,195046,684,8.3,870.1,,IA
19,5046,6,G,5,2004-05-24,1.645,1.643,CRCP,,,,,,8.9,2,11,1,19.1,8.3,,,2004,1730.0,953.0,195046,684,8.3,870.1,,IA
19,5046,6,G,5,2004-05-24,1.721,1.675,CRCP,,,,,,8.9,2,11,1,19.1,8.3,,,2004,1730.0,953.0,195046,684,8.3,870.1,,IA
19,5046,6,G,5,2004-05-24,1.721,1.675,CRCP,,,,,,8.9,2,11,1,19.1,8.3,,,2004,1730.0,953.0,195046,684,8.3,870.1,,IA
19,5046,6,G,5,2004-05-24,1.721,1.675,CRCP,,,,,,8.9,2,11,1,19.1,8.3,,,2004,1730.0,953.0,195046,684,8.3,870.1,,IA
